paired_instance_id,left_scheduler,right_scheduler,left_status,right_status,relation,taskset_hash,trace_hash
2c122e31a159fdcbc0fe11cc1a78c7cf09e8133f4468dfb42be3f1d92394269b,gpfp_alap_block,gpfp_alap_nonblock,SIM_PASS_OBSERVED,SIM_PASS_OBSERVED,TIE,a597ec5e488ec56ea18bd59034e3fddaf066dcba617d412d6986f9bb192d0dfb,52be50ccedd8280f69e4eb8cffa326c38acfe12761868f3e787bc2e69ca08124
2c122e31a159fdcbc0fe11cc1a78c7cf09e8133f4468dfb42be3f1d92394269b,gpfp_alap_block,gpfp_alap_sync,SIM_PASS_OBSERVED,SIM_PASS_OBSERVED,TIE,a597ec5e488ec56ea18bd59034e3fddaf066dcba617d412d6986f9bb192d0dfb,52be50ccedd8280f69e4eb8cffa326c38acfe12761868f3e787bc2e69ca08124
2c122e31a159fdcbc0fe11cc1a78c7cf09e8133f4468dfb42be3f1d92394269b,gpfp_alap_block,gpfp_asap_block,SIM_PASS_OBSERVED,SIM_PASS_OBSERVED,TIE,a597ec5e488ec56ea18bd59034e3fddaf066dcba617d412d6986f9bb192d0dfb,52be50ccedd8280f69e4eb8cffa326c38acfe12761868f3e787bc2e69ca08124
2c122e31a159fdcbc0fe11cc1a78c7cf09e8133f4468dfb42be3f1d92394269b,gpfp_alap_block,gpfp_asap_nonblock,SIM_PASS_OBSERVED,SIM_PASS_OBSERVED,TIE,a597ec5e488ec56ea18bd59034e3fddaf066dcba617d412d6986f9bb192d0dfb,52be50ccedd8280f69e4eb8cffa326c38acfe12761868f3e787bc2e69ca08124
2c122e31a159fdcbc0fe11cc1a78c7cf09e8133f4468dfb42be3f1d92394269b,gpfp_alap_block,gpfp_asap_sync,SIM_PASS_OBSERVED,SIM_PASS_OBSERVED,TIE,a597ec5e488ec56ea18bd59034e3fddaf066dcba617d412d6986f9bb192d0dfb,52be50ccedd8280f69e4eb8cffa326c38acfe12761868f3e787bc2e69ca08124
2c122e31a159fdcbc0fe11cc1a78c7cf09e8133f4468dfb42be3f1d92394269b,gpfp_alap_block,gpfp_st_block,SIM_PASS_OBSERVED,SIM_PASS_OBSERVED,TIE,a597ec5e488ec56ea18bd59034e3fddaf066dcba617d412d6986f9bb192d0dfb,52be50ccedd8280f69e4eb8cffa326c38acfe12761868f3e787bc2e69ca08124
2c122e31a159fdcbc0fe11cc1a78c7cf09e8133f4468dfb42be3f1d92394269b,gpfp_alap_block,gpfp_st_nonblock,SIM_PASS_OBSERVED,SIM_PASS_OBSERVED,TIE,a597ec5e488ec56ea18bd59034e3fddaf066dcba617d412d6986f9bb192d0dfb,52be50ccedd8280f69e4eb8cffa326c38acfe12761868f3e787bc2e69ca08124
2c122e31a159fdcbc0fe11cc1a78c7cf09e8133f4468dfb42be3f1d92394269b,gpfp_alap_block,gpfp_st_sync,SIM_PASS_OBSERVED,SIM_PASS_OBSERVED,TIE,a597ec5e488ec56ea18bd59034e3fddaf066dcba617d412d6986f9bb192d0dfb,52be50ccedd8280f69e4eb8cffa326c38acfe12761868f3e787bc2e69ca08124
2c122e31a159fdcbc0fe11cc1a78c7cf09e8133f4468dfb42be3f1d92394269b,gpfp_alap_nonblock,gpfp_alap_sync,SIM_PASS_OBSERVED,SIM_PASS_OBSERVED,TIE,a597ec5e488ec56ea18bd59034e3fddaf066dcba617d412d6986f9bb192d0dfb,52be50ccedd8280f69e4eb8cffa326c38acfe12761868f3e787bc2e69ca08124
2c122e31a159fdcbc0fe11cc1a78c7cf09e8133f4468dfb42be3f1d92394269b,gpfp_alap_nonblock,gpfp_asap_block,SIM_PASS_OBSERVED,SIM_PASS_OBSERVED,TIE,a597ec5e488ec56ea18bd59034e3fddaf066dcba617d412d6986f9bb192d0dfb,52be50ccedd8280f69e4eb8cffa326c38acfe12761868f3e787bc2e69ca08124
2c122e31a159fdcbc0fe11cc1a78c7cf09e8133f4468dfb42be3f1d92394269b,gpfp_alap_nonblock,gpfp_asap_nonblock,SIM_PASS_OBSERVED,SIM_PASS_OBSERVED,TIE,a597ec5e488ec56ea18bd59034e3fddaf066dcba617d412d6986f9bb192d0dfb,52be50ccedd8280f69e4eb8cffa326c38acfe12761868f3e787bc2e69ca08124
2c122e31a159fdcbc0fe11cc1a78c7cf09e8133f4468dfb42be3f1d92394269b,gpfp_alap_nonblock,gpfp_asap_sync,SIM_PASS_OBSERVED,SIM_PASS_OBSERVED,TIE,a597ec5e488ec56ea18bd59034e3fddaf066dcba617d412d6986f9bb192d0dfb,52be50ccedd8280f69e4eb8cffa326c38acfe12761868f3e787bc2e69ca08124
2c122e31a159fdcbc0fe11cc1a78c7cf09e8133f4468dfb42be3f1d92394269b,gpfp_alap_nonblock,gpfp_st_block,SIM_PASS_OBSERVED,SIM_PASS_OBSERVED,TIE,a597ec5e488ec56ea18bd59034e3fddaf066dcba617d412d6986f9bb192d0dfb,52be50ccedd8280f69e4eb8cffa326c38acfe12761868f3e787bc2e69ca08124
2c122e31a159fdcbc0fe11cc1a78c7cf09e8133f4468dfb42be3f1d92394269b,gpfp_alap_nonblock,gpfp_st_nonblock,SIM_PASS_OBSERVED,SIM_PASS_OBSERVED,TIE,a597ec5e488ec56ea18bd59034e3fddaf066dcba617d412d6986f9bb192d0dfb,52be50ccedd8280f69e4eb8cffa326c38acfe12761868f3e787bc2e69ca08124
2c122e31a159fdcbc0fe11cc1a78c7cf09e8133f4468dfb42be3f1d92394269b,gpfp_alap_nonblock,gpfp_st_sync,SIM_PASS_OBSERVED,SIM_PASS_OBSERVED,TIE,a597ec5e488ec56ea18bd59034e3fddaf066dcba617d412d6986f9bb192d0dfb,52be50ccedd8280f69e4eb8cffa326c38acfe12761868f3e787bc2e69ca08124
2c122e31a159fdcbc0fe11cc1a78c7cf09e8133f4468dfb42be3f1d92394269b,gpfp_alap_sync,gpfp_asap_block,SIM_PASS_OBSERVED,SIM_PASS_OBSERVED,TIE,a597ec5e488ec56ea18bd59034e3fddaf066dcba617d412d6986f9bb192d0dfb,52be50ccedd8280f69e4eb8cffa326c38acfe12761868f3e787bc2e69ca08124
2c122e31a159fdcbc0fe11cc1a78c7cf09e8133f4468dfb42be3f1d92394269b,gpfp_alap_sync,gpfp_asap_nonblock,SIM_PASS_OBSERVED,SIM_PASS_OBSERVED,TIE,a597ec5e488ec56ea18bd59034e3fddaf066dcba617d412d6986f9bb192d0dfb,52be50ccedd8280f69e4eb8cffa326c38acfe12761868f3e787bc2e69ca08124
2c122e31a159fdcbc0fe11cc1a78c7cf09e8133f4468dfb42be3f1d92394269b,gpfp_alap_sync,gpfp_asap_sync,SIM_PASS_OBSERVED,SIM_PASS_OBSERVED,TIE,a597ec5e488ec56ea18bd59034e3fddaf066dcba617d412d6986f9bb192d0dfb,52be50ccedd8280f69e4eb8cffa326c38acfe12761868f3e787bc2e69ca08124
2c122e31a159fdcbc0fe11cc1a78c7cf09e8133f4468dfb42be3f1d92394269b,gpfp_alap_sync,gpfp_st_block,SIM_PASS_OBSERVED,SIM_PASS_OBSERVED,TIE,a597ec5e488ec56ea18bd59034e3fddaf066dcba617d412d6986f9bb192d0dfb,52be50ccedd8280f69e4eb8cffa326c38acfe12761868f3e787bc2e69ca08124
2c122e31a159fdcbc0fe11cc1a78c7cf09e8133f4468dfb42be3f1d92394269b,gpfp_alap_sync,gpfp_st_nonblock,SIM_PASS_OBSERVED,SIM_PASS_OBSERVED,TIE,a597ec5e488ec56ea18bd59034e3fddaf066dcba617d412d6986f9bb192d0dfb,52be50ccedd8280f69e4eb8cffa326c38acfe12761868f3e787bc2e69ca08124
2c122e31a159fdcbc0fe11cc1a78c7cf09e8133f4468dfb42be3f1d92394269b,gpfp_alap_sync,gpfp_st_sync,SIM_PASS_OBSERVED,SIM_PASS_OBSERVED,TIE,a597ec5e488ec56ea18bd59034e3fddaf066dcba617d412d6986f9bb192d0dfb,52be50ccedd8280f69e4eb8cffa326c38acfe12761868f3e787bc2e69ca08124
2c122e31a159fdcbc0fe11cc1a78c7cf09e8133f4468dfb42be3f1d92394269b,gpfp_asap_block,gpfp_asap_nonblock,SIM_PASS_OBSERVED,SIM_PASS_OBSERVED,TIE,a597ec5e488ec56ea18bd59034e3fddaf066dcba617d412d6986f9bb192d0dfb,52be50ccedd8280f69e4eb8cffa326c38acfe12761868f3e787bc2e69ca08124
2c122e31a159fdcbc0fe11cc1a78c7cf09e8133f4468dfb42be3f1d92394269b,gpfp_asap_block,gpfp_asap_sync,SIM_PASS_OBSERVED,SIM_PASS_OBSERVED,TIE,a597ec5e488ec56ea18bd59034e3fddaf066dcba617d412d6986f9bb192d0dfb,52be50ccedd8280f69e4eb8cffa326c38acfe12761868f3e787bc2e69ca08124
2c122e31a159fdcbc0fe11cc1a78c7cf09e8133f4468dfb42be3f1d92394269b,gpfp_asap_block,gpfp_st_block,SIM_PASS_OBSERVED,SIM_PASS_OBSERVED,TIE,a597ec5e488ec56ea18bd59034e3fddaf066dcba617d412d6986f9bb192d0dfb,52be50ccedd8280f69e4eb8cffa326c38acfe12761868f3e787bc2e69ca08124
2c122e31a159fdcbc0fe11cc1a78c7cf09e8133f4468dfb42be3f1d92394269b,gpfp_asap_block,gpfp_st_nonblock,SIM_PASS_OBSERVED,SIM_PASS_OBSERVED,TIE,a597ec5e488ec56ea18bd59034e3fddaf066dcba617d412d6986f9bb192d0dfb,52be50ccedd8280f69e4eb8cffa326c38acfe12761868f3e787bc2e69ca08124
2c122e31a159fdcbc0fe11cc1a78c7cf09e8133f4468dfb42be3f1d92394269b,gpfp_asap_block,gpfp_st_sync,SIM_PASS_OBSERVED,SIM_PASS_OBSERVED,TIE,a597ec5e488ec56ea18bd59034e3fddaf066dcba617d412d6986f9bb192d0dfb,52be50ccedd8280f69e4eb8cffa326c38acfe12761868f3e787bc2e69ca08124
2c122e31a159fdcbc0fe11cc1a78c7cf09e8133f4468dfb42be3f1d92394269b,gpfp_asap_nonblock,gpfp_asap_sync,SIM_PASS_OBSERVED,SIM_PASS_OBSERVED,TIE,a597ec5e488ec56ea18bd59034e3fddaf066dcba617d412d6986f9bb192d0dfb,52be50ccedd8280f69e4eb8cffa326c38acfe12761868f3e787bc2e69ca08124
2c122e31a159fdcbc0fe11cc1a78c7cf09e8133f4468dfb42be3f1d92394269b,gpfp_asap_nonblock,gpfp_st_block,SIM_PASS_OBSERVED,SIM_PASS_OBSERVED,TIE,a597ec5e488ec56ea18bd59034e3fddaf066dcba617d412d6986f9bb192d0dfb,52be50ccedd8280f69e4eb8cffa326c38acfe12761868f3e787bc2e69ca08124
2c122e31a159fdcbc0fe11cc1a78c7cf09e8133f4468dfb42be3f1d92394269b,gpfp_asap_nonblock,gpfp_st_nonblock,SIM_PASS_OBSERVED,SIM_PASS_OBSERVED,TIE,a597ec5e488ec56ea18bd59034e3fddaf066dcba617d412d6986f9bb192d0dfb,52be50ccedd8280f69e4eb8cffa326c38acfe12761868f3e787bc2e69ca08124
2c122e31a159fdcbc0fe11cc1a78c7cf09e8133f4468dfb42be3f1d92394269b,gpfp_asap_nonblock,gpfp_st_sync,SIM_PASS_OBSERVED,SIM_PASS_OBSERVED,TIE,a597ec5e488ec56ea18bd59034e3fddaf066dcba617d412d6986f9bb192d0dfb,52be50ccedd8280f69e4eb8cffa326c38acfe12761868f3e787bc2e69ca08124
2c122e31a159fdcbc0fe11cc1a78c7cf09e8133f4468dfb42be3f1d92394269b,gpfp_asap_sync,gpfp_st_block,SIM_PASS_OBSERVED,SIM_PASS_OBSERVED,TIE,a597ec5e488ec56ea18bd59034e3fddaf066dcba617d412d6986f9bb192d0dfb,52be50ccedd8280f69e4eb8cffa326c38acfe12761868f3e787bc2e69ca08124
2c122e31a159fdcbc0fe11cc1a78c7cf09e8133f4468dfb42be3f1d92394269b,gpfp_asap_sync,gpfp_st_nonblock,SIM_PASS_OBSERVED,SIM_PASS_OBSERVED,TIE,a597ec5e488ec56ea18bd59034e3fddaf066dcba617d412d6986f9bb192d0dfb,52be50ccedd8280f69e4eb8cffa326c38acfe12761868f3e787bc2e69ca08124
2c122e31a159fdcbc0fe11cc1a78c7cf09e8133f4468dfb42be3f1d92394269b,gpfp_asap_sync,gpfp_st_sync,SIM_PASS_OBSERVED,SIM_PASS_OBSERVED,TIE,a597ec5e488ec56ea18bd59034e3fddaf066dcba617d412d6986f9bb192d0dfb,52be50ccedd8280f69e4eb8cffa326c38acfe12761868f3e787bc2e69ca08124
2c122e31a159fdcbc0fe11cc1a78c7cf09e8133f4468dfb42be3f1d92394269b,gpfp_st_block,gpfp_st_nonblock,SIM_PASS_OBSERVED,SIM_PASS_OBSERVED,TIE,a597ec5e488ec56ea18bd59034e3fddaf066dcba617d412d6986f9bb192d0dfb,52be50ccedd8280f69e4eb8cffa326c38acfe12761868f3e787bc2e69ca08124
2c122e31a159fdcbc0fe11cc1a78c7cf09e8133f4468dfb42be3f1d92394269b,gpfp_st_block,gpfp_st_sync,SIM_PASS_OBSERVED,SIM_PASS_OBSERVED,TIE,a597ec5e488ec56ea18bd59034e3fddaf066dcba617d412d6986f9bb192d0dfb,52be50ccedd8280f69e4eb8cffa326c38acfe12761868f3e787bc2e69ca08124
2c122e31a159fdcbc0fe11cc1a78c7cf09e8133f4468dfb42be3f1d92394269b,gpfp_st_nonblock,gpfp_st_sync,SIM_PASS_OBSERVED,SIM_PASS_OBSERVED,TIE,a597ec5e488ec56ea18bd59034e3fddaf066dcba617d412d6986f9bb192d0dfb,52be50ccedd8280f69e4eb8cffa326c38acfe12761868f3e787bc2e69ca08124
