taskset_id,U_norm,E0,relation,task_id,priority_rank,complete_candidate,local_candidate,improvement,status,common_task_count,tighter_count,equal_count,violation_count,maximum_improvement,mean_improvement
v93-u0-e0-t00-ba6fa39928a7,0.2,0,DEADLINE_CARRY_IN,,,,,,NOT_APPLICABLE,0,0,0,0,,
v93-u0-e0-t00-ba6fa39928a7,0.2,0,FIXED_CW_CARRY_IN,,,,,,NOT_APPLICABLE,0,0,0,0,,
v93-u0-e0-t00-ba6fa39928a7,0.2,0,RECURSIVE_CARRY_IN,,,,,,NOT_APPLICABLE,0,0,0,0,,
v93-u0-e0-t01-c1c7923b4577,0.2,0,DEADLINE_CARRY_IN,,,,,,NOT_APPLICABLE,0,0,0,0,,
v93-u0-e0-t01-c1c7923b4577,0.2,0,FIXED_CW_CARRY_IN,,,,,,NOT_APPLICABLE,0,0,0,0,,
v93-u0-e0-t01-c1c7923b4577,0.2,0,RECURSIVE_CARRY_IN,,,,,,NOT_APPLICABLE,0,0,0,0,,
v93-u0-e0-t02-f9923e163823,0.2,0,DEADLINE_CARRY_IN,,,,,,NOT_APPLICABLE,0,0,0,0,,
v93-u0-e0-t02-f9923e163823,0.2,0,FIXED_CW_CARRY_IN,,,,,,NOT_APPLICABLE,0,0,0,0,,
v93-u0-e0-t02-f9923e163823,0.2,0,RECURSIVE_CARRY_IN,,,,,,NOT_APPLICABLE,0,0,0,0,,
v93-u0-e0-t03-b6e8dd9e81b4,0.2,0,DEADLINE_CARRY_IN,,,,,,NOT_APPLICABLE,0,0,0,0,,
v93-u0-e0-t03-b6e8dd9e81b4,0.2,0,FIXED_CW_CARRY_IN,,,,,,NOT_APPLICABLE,0,0,0,0,,
v93-u0-e0-t03-b6e8dd9e81b4,0.2,0,RECURSIVE_CARRY_IN,,,,,,NOT_APPLICABLE,0,0,0,0,,
v93-u0-e0-t04-2fe262efcc3c,0.2,0,DEADLINE_CARRY_IN,,,,,,NOT_APPLICABLE,0,0,0,0,,
v93-u0-e0-t04-2fe262efcc3c,0.2,0,FIXED_CW_CARRY_IN,,,,,,NOT_APPLICABLE,0,0,0,0,,
v93-u0-e0-t04-2fe262efcc3c,0.2,0,RECURSIVE_CARRY_IN,,,,,,NOT_APPLICABLE,0,0,0,0,,
v93-u0-e0-t05-c0a787fff951,0.2,0,DEADLINE_CARRY_IN,,,,,,NOT_APPLICABLE,0,0,0,0,,
v93-u0-e0-t05-c0a787fff951,0.2,0,FIXED_CW_CARRY_IN,,,,,,NOT_APPLICABLE,0,0,0,0,,
v93-u0-e0-t05-c0a787fff951,0.2,0,RECURSIVE_CARRY_IN,,,,,,NOT_APPLICABLE,0,0,0,0,,
v93-u0-e0-t06-31157518f037,0.2,0,DEADLINE_CARRY_IN,,,,,,NOT_APPLICABLE,0,0,0,0,,
v93-u0-e0-t06-31157518f037,0.2,0,FIXED_CW_CARRY_IN,,,,,,NOT_APPLICABLE,0,0,0,0,,
v93-u0-e0-t06-31157518f037,0.2,0,RECURSIVE_CARRY_IN,,,,,,NOT_APPLICABLE,0,0,0,0,,
v93-u0-e0-t07-8539441f9c62,0.2,0,DEADLINE_CARRY_IN,,,,,,NOT_APPLICABLE,0,0,0,0,,
v93-u0-e0-t07-8539441f9c62,0.2,0,FIXED_CW_CARRY_IN,,,,,,NOT_APPLICABLE,0,0,0,0,,
v93-u0-e0-t07-8539441f9c62,0.2,0,RECURSIVE_CARRY_IN,,,,,,NOT_APPLICABLE,0,0,0,0,,
v93-u0-e0-t08-dca9b9e27cf3,0.2,0,DEADLINE_CARRY_IN,,,,,,NOT_APPLICABLE,0,0,0,0,,
v93-u0-e0-t08-dca9b9e27cf3,0.2,0,FIXED_CW_CARRY_IN,,,,,,NOT_APPLICABLE,0,0,0,0,,
v93-u0-e0-t08-dca9b9e27cf3,0.2,0,RECURSIVE_CARRY_IN,,,,,,NOT_APPLICABLE,0,0,0,0,,
v93-u0-e0-t09-6ba3650dc497,0.2,0,DEADLINE_CARRY_IN,,,,,,NOT_APPLICABLE,0,0,0,0,,
v93-u0-e0-t09-6ba3650dc497,0.2,0,FIXED_CW_CARRY_IN,,,,,,NOT_APPLICABLE,0,0,0,0,,
v93-u0-e0-t09-6ba3650dc497,0.2,0,RECURSIVE_CARRY_IN,,,,,,NOT_APPLICABLE,0,0,0,0,,
v93-u0-e1-t00-f8b4c71f0699,0.2,1,DEADLINE_CARRY_IN,0,0,4,4,0,EQUAL,10,0,10,0,0,0
v93-u0-e1-t00-f8b4c71f0699,0.2,1,DEADLINE_CARRY_IN,1,1,1,1,0,EQUAL,10,0,10,0,0,0
v93-u0-e1-t00-f8b4c71f0699,0.2,1,DEADLINE_CARRY_IN,2,2,2,2,0,EQUAL,10,0,10,0,0,0
v93-u0-e1-t00-f8b4c71f0699,0.2,1,DEADLINE_CARRY_IN,3,3,6,6,0,EQUAL,10,0,10,0,0,0
v93-u0-e1-t00-f8b4c71f0699,0.2,1,DEADLINE_CARRY_IN,4,4,13,13,0,EQUAL,10,0,10,0,0,0
v93-u0-e1-t00-f8b4c71f0699,0.2,1,DEADLINE_CARRY_IN,5,5,17,17,0,EQUAL,10,0,10,0,0,0
v93-u0-e1-t00-f8b4c71f0699,0.2,1,DEADLINE_CARRY_IN,6,6,31,31,0,EQUAL,10,0,10,0,0,0
v93-u0-e1-t00-f8b4c71f0699,0.2,1,DEADLINE_CARRY_IN,7,7,32,32,0,EQUAL,10,0,10,0,0,0
v93-u0-e1-t00-f8b4c71f0699,0.2,1,DEADLINE_CARRY_IN,8,8,36,36,0,EQUAL,10,0,10,0,0,0
v93-u0-e1-t00-f8b4c71f0699,0.2,1,DEADLINE_CARRY_IN,9,9,71,71,0,EQUAL,10,0,10,0,0,0
v93-u0-e1-t00-f8b4c71f0699,0.2,1,FIXED_CW_CARRY_IN,0,0,4,4,0,EQUAL,10,0,10,0,0,0
v93-u0-e1-t00-f8b4c71f0699,0.2,1,FIXED_CW_CARRY_IN,1,1,1,1,0,EQUAL,10,0,10,0,0,0
v93-u0-e1-t00-f8b4c71f0699,0.2,1,FIXED_CW_CARRY_IN,2,2,2,2,0,EQUAL,10,0,10,0,0,0
v93-u0-e1-t00-f8b4c71f0699,0.2,1,FIXED_CW_CARRY_IN,3,3,6,6,0,EQUAL,10,0,10,0,0,0
v93-u0-e1-t00-f8b4c71f0699,0.2,1,FIXED_CW_CARRY_IN,4,4,12,12,0,EQUAL,10,0,10,0,0,0
v93-u0-e1-t00-f8b4c71f0699,0.2,1,FIXED_CW_CARRY_IN,5,5,14,14,0,EQUAL,10,0,10,0,0,0
v93-u0-e1-t00-f8b4c71f0699,0.2,1,FIXED_CW_CARRY_IN,6,6,24,24,0,EQUAL,10,0,10,0,0,0
v93-u0-e1-t00-f8b4c71f0699,0.2,1,FIXED_CW_CARRY_IN,7,7,20,20,0,EQUAL,10,0,10,0,0,0
v93-u0-e1-t00-f8b4c71f0699,0.2,1,FIXED_CW_CARRY_IN,8,8,21,21,0,EQUAL,10,0,10,0,0,0
v93-u0-e1-t00-f8b4c71f0699,0.2,1,FIXED_CW_CARRY_IN,9,9,53,53,0,EQUAL,10,0,10,0,0,0
v93-u0-e1-t00-f8b4c71f0699,0.2,1,RECURSIVE_CARRY_IN,0,0,4,4,0,EQUAL,10,0,10,0,0,0
v93-u0-e1-t00-f8b4c71f0699,0.2,1,RECURSIVE_CARRY_IN,1,1,1,1,0,EQUAL,10,0,10,0,0,0
v93-u0-e1-t00-f8b4c71f0699,0.2,1,RECURSIVE_CARRY_IN,2,2,2,2,0,EQUAL,10,0,10,0,0,0
v93-u0-e1-t00-f8b4c71f0699,0.2,1,RECURSIVE_CARRY_IN,3,3,6,6,0,EQUAL,10,0,10,0,0,0
v93-u0-e1-t00-f8b4c71f0699,0.2,1,RECURSIVE_CARRY_IN,4,4,12,12,0,EQUAL,10,0,10,0,0,0
v93-u0-e1-t00-f8b4c71f0699,0.2,1,RECURSIVE_CARRY_IN,5,5,14,14,0,EQUAL,10,0,10,0,0,0
v93-u0-e1-t00-f8b4c71f0699,0.2,1,RECURSIVE_CARRY_IN,6,6,24,24,0,EQUAL,10,0,10,0,0,0
v93-u0-e1-t00-f8b4c71f0699,0.2,1,RECURSIVE_CARRY_IN,7,7,20,20,0,EQUAL,10,0,10,0,0,0
v93-u0-e1-t00-f8b4c71f0699,0.2,1,RECURSIVE_CARRY_IN,8,8,21,21,0,EQUAL,10,0,10,0,0,0
v93-u0-e1-t00-f8b4c71f0699,0.2,1,RECURSIVE_CARRY_IN,9,9,53,53,0,EQUAL,10,0,10,0,0,0
v93-u0-e1-t01-e826f2c4e829,0.2,1,DEADLINE_CARRY_IN,0,0,3,3,0,EQUAL,10,0,10,0,0,0
v93-u0-e1-t01-e826f2c4e829,0.2,1,DEADLINE_CARRY_IN,1,1,4,4,0,EQUAL,10,0,10,0,0,0
v93-u0-e1-t01-e826f2c4e829,0.2,1,DEADLINE_CARRY_IN,2,2,20,20,0,EQUAL,10,0,10,0,0,0
v93-u0-e1-t01-e826f2c4e829,0.2,1,DEADLINE_CARRY_IN,3,3,2,2,0,EQUAL,10,0,10,0,0,0
v93-u0-e1-t01-e826f2c4e829,0.2,1,DEADLINE_CARRY_IN,4,4,14,14,0,EQUAL,10,0,10,0,0,0
v93-u0-e1-t01-e826f2c4e829,0.2,1,DEADLINE_CARRY_IN,5,5,22,22,0,EQUAL,10,0,10,0,0,0
v93-u0-e1-t01-e826f2c4e829,0.2,1,DEADLINE_CARRY_IN,6,6,27,27,0,EQUAL,10,0,10,0,0,0
v93-u0-e1-t01-e826f2c4e829,0.2,1,DEADLINE_CARRY_IN,7,7,33,33,0,EQUAL,10,0,10,0,0,0
v93-u0-e1-t01-e826f2c4e829,0.2,1,DEADLINE_CARRY_IN,8,8,35,35,0,EQUAL,10,0,10,0,0,0
v93-u0-e1-t01-e826f2c4e829,0.2,1,DEADLINE_CARRY_IN,9,9,47,47,0,EQUAL,10,0,10,0,0,0
v93-u0-e1-t01-e826f2c4e829,0.2,1,FIXED_CW_CARRY_IN,0,0,3,3,0,EQUAL,10,0,10,0,0,0
v93-u0-e1-t01-e826f2c4e829,0.2,1,FIXED_CW_CARRY_IN,1,1,4,4,0,EQUAL,10,0,10,0,0,0
v93-u0-e1-t01-e826f2c4e829,0.2,1,FIXED_CW_CARRY_IN,2,2,20,20,0,EQUAL,10,0,10,0,0,0
v93-u0-e1-t01-e826f2c4e829,0.2,1,FIXED_CW_CARRY_IN,3,3,2,2,0,EQUAL,10,0,10,0,0,0
v93-u0-e1-t01-e826f2c4e829,0.2,1,FIXED_CW_CARRY_IN,4,4,12,12,0,EQUAL,10,0,10,0,0,0
v93-u0-e1-t01-e826f2c4e829,0.2,1,FIXED_CW_CARRY_IN,5,5,17,17,0,EQUAL,10,0,10,0,0,0
v93-u0-e1-t01-e826f2c4e829,0.2,1,FIXED_CW_CARRY_IN,6,6,18,18,0,EQUAL,10,0,10,0,0,0
v93-u0-e1-t01-e826f2c4e829,0.2,1,FIXED_CW_CARRY_IN,7,7,19,19,0,EQUAL,10,0,10,0,0,0
v93-u0-e1-t01-e826f2c4e829,0.2,1,FIXED_CW_CARRY_IN,8,8,19,19,0,EQUAL,10,0,10,0,0,0
v93-u0-e1-t01-e826f2c4e829,0.2,1,FIXED_CW_CARRY_IN,9,9,30,30,0,EQUAL,10,0,10,0,0,0
v93-u0-e1-t01-e826f2c4e829,0.2,1,RECURSIVE_CARRY_IN,0,0,3,3,0,EQUAL,10,0,10,0,0,0
v93-u0-e1-t01-e826f2c4e829,0.2,1,RECURSIVE_CARRY_IN,1,1,4,4,0,EQUAL,10,0,10,0,0,0
v93-u0-e1-t01-e826f2c4e829,0.2,1,RECURSIVE_CARRY_IN,2,2,20,20,0,EQUAL,10,0,10,0,0,0
v93-u0-e1-t01-e826f2c4e829,0.2,1,RECURSIVE_CARRY_IN,3,3,2,2,0,EQUAL,10,0,10,0,0,0
v93-u0-e1-t01-e826f2c4e829,0.2,1,RECURSIVE_CARRY_IN,4,4,12,12,0,EQUAL,10,0,10,0,0,0
v93-u0-e1-t01-e826f2c4e829,0.2,1,RECURSIVE_CARRY_IN,5,5,17,17,0,EQUAL,10,0,10,0,0,0
v93-u0-e1-t01-e826f2c4e829,0.2,1,RECURSIVE_CARRY_IN,6,6,18,18,0,EQUAL,10,0,10,0,0,0
v93-u0-e1-t01-e826f2c4e829,0.2,1,RECURSIVE_CARRY_IN,7,7,19,19,0,EQUAL,10,0,10,0,0,0
v93-u0-e1-t01-e826f2c4e829,0.2,1,RECURSIVE_CARRY_IN,8,8,19,19,0,EQUAL,10,0,10,0,0,0
v93-u0-e1-t01-e826f2c4e829,0.2,1,RECURSIVE_CARRY_IN,9,9,30,30,0,EQUAL,10,0,10,0,0,0
v93-u0-e1-t02-574d8a190b8a,0.2,1,DEADLINE_CARRY_IN,0,0,2,2,0,EQUAL,10,0,10,0,0,0
v93-u0-e1-t02-574d8a190b8a,0.2,1,DEADLINE_CARRY_IN,1,1,5,5,0,EQUAL,10,0,10,0,0,0
v93-u0-e1-t02-574d8a190b8a,0.2,1,DEADLINE_CARRY_IN,2,2,3,3,0,EQUAL,10,0,10,0,0,0
v93-u0-e1-t02-574d8a190b8a,0.2,1,DEADLINE_CARRY_IN,3,3,6,6,0,EQUAL,10,0,10,0,0,0
v93-u0-e1-t02-574d8a190b8a,0.2,1,DEADLINE_CARRY_IN,4,4,13,13,0,EQUAL,10,0,10,0,0,0
v93-u0-e1-t02-574d8a190b8a,0.2,1,DEADLINE_CARRY_IN,5,5,20,20,0,EQUAL,10,0,10,0,0,0
v93-u0-e1-t02-574d8a190b8a,0.2,1,DEADLINE_CARRY_IN,6,6,37,37,0,EQUAL,10,0,10,0,0,0
v93-u0-e1-t02-574d8a190b8a,0.2,1,DEADLINE_CARRY_IN,7,7,57,57,0,EQUAL,10,0,10,0,0,0
v93-u0-e1-t02-574d8a190b8a,0.2,1,DEADLINE_CARRY_IN,8,8,44,44,0,EQUAL,10,0,10,0,0,0
v93-u0-e1-t02-574d8a190b8a,0.2,1,DEADLINE_CARRY_IN,9,9,63,63,0,EQUAL,10,0,10,0,0,0
v93-u0-e1-t02-574d8a190b8a,0.2,1,FIXED_CW_CARRY_IN,0,0,2,2,0,EQUAL,10,0,10,0,0,0
v93-u0-e1-t02-574d8a190b8a,0.2,1,FIXED_CW_CARRY_IN,1,1,5,5,0,EQUAL,10,0,10,0,0,0
v93-u0-e1-t02-574d8a190b8a,0.2,1,FIXED_CW_CARRY_IN,2,2,3,3,0,EQUAL,10,0,10,0,0,0
v93-u0-e1-t02-574d8a190b8a,0.2,1,FIXED_CW_CARRY_IN,3,3,6,6,0,EQUAL,10,0,10,0,0,0
v93-u0-e1-t02-574d8a190b8a,0.2,1,FIXED_CW_CARRY_IN,4,4,11,11,0,EQUAL,10,0,10,0,0,0
v93-u0-e1-t02-574d8a190b8a,0.2,1,FIXED_CW_CARRY_IN,5,5,15,15,0,EQUAL,10,0,10,0,0,0
v93-u0-e1-t02-574d8a190b8a,0.2,1,FIXED_CW_CARRY_IN,6,6,29,29,0,EQUAL,10,0,10,0,0,0
v93-u0-e1-t02-574d8a190b8a,0.2,1,FIXED_CW_CARRY_IN,7,7,44,44,0,EQUAL,10,0,10,0,0,0
v93-u0-e1-t02-574d8a190b8a,0.2,1,FIXED_CW_CARRY_IN,8,8,26,26,0,EQUAL,10,0,10,0,0,0
v93-u0-e1-t02-574d8a190b8a,0.2,1,FIXED_CW_CARRY_IN,9,9,40,40,0,EQUAL,10,0,10,0,0,0
v93-u0-e1-t02-574d8a190b8a,0.2,1,RECURSIVE_CARRY_IN,0,0,2,2,0,EQUAL,10,0,10,0,0,0
v93-u0-e1-t02-574d8a190b8a,0.2,1,RECURSIVE_CARRY_IN,1,1,5,5,0,EQUAL,10,0,10,0,0,0
v93-u0-e1-t02-574d8a190b8a,0.2,1,RECURSIVE_CARRY_IN,2,2,3,3,0,EQUAL,10,0,10,0,0,0
v93-u0-e1-t02-574d8a190b8a,0.2,1,RECURSIVE_CARRY_IN,3,3,6,6,0,EQUAL,10,0,10,0,0,0
v93-u0-e1-t02-574d8a190b8a,0.2,1,RECURSIVE_CARRY_IN,4,4,11,11,0,EQUAL,10,0,10,0,0,0
v93-u0-e1-t02-574d8a190b8a,0.2,1,RECURSIVE_CARRY_IN,5,5,15,15,0,EQUAL,10,0,10,0,0,0
v93-u0-e1-t02-574d8a190b8a,0.2,1,RECURSIVE_CARRY_IN,6,6,29,29,0,EQUAL,10,0,10,0,0,0
v93-u0-e1-t02-574d8a190b8a,0.2,1,RECURSIVE_CARRY_IN,7,7,44,44,0,EQUAL,10,0,10,0,0,0
v93-u0-e1-t02-574d8a190b8a,0.2,1,RECURSIVE_CARRY_IN,8,8,26,26,0,EQUAL,10,0,10,0,0,0
v93-u0-e1-t02-574d8a190b8a,0.2,1,RECURSIVE_CARRY_IN,9,9,40,40,0,EQUAL,10,0,10,0,0,0
v93-u0-e1-t03-915984974c81,0.2,1,DEADLINE_CARRY_IN,0,0,4,4,0,EQUAL,10,0,10,0,0,0
v93-u0-e1-t03-915984974c81,0.2,1,DEADLINE_CARRY_IN,1,1,5,5,0,EQUAL,10,0,10,0,0,0
v93-u0-e1-t03-915984974c81,0.2,1,DEADLINE_CARRY_IN,2,2,2,2,0,EQUAL,10,0,10,0,0,0
v93-u0-e1-t03-915984974c81,0.2,1,DEADLINE_CARRY_IN,3,3,1,1,0,EQUAL,10,0,10,0,0,0
v93-u0-e1-t03-915984974c81,0.2,1,DEADLINE_CARRY_IN,4,4,4,4,0,EQUAL,10,0,10,0,0,0
v93-u0-e1-t03-915984974c81,0.2,1,DEADLINE_CARRY_IN,5,5,17,17,0,EQUAL,10,0,10,0,0,0
v93-u0-e1-t03-915984974c81,0.2,1,DEADLINE_CARRY_IN,6,6,10,10,0,EQUAL,10,0,10,0,0,0
v93-u0-e1-t03-915984974c81,0.2,1,DEADLINE_CARRY_IN,7,7,42,42,0,EQUAL,10,0,10,0,0,0
v93-u0-e1-t03-915984974c81,0.2,1,DEADLINE_CARRY_IN,8,8,16,16,0,EQUAL,10,0,10,0,0,0
v93-u0-e1-t03-915984974c81,0.2,1,DEADLINE_CARRY_IN,9,9,37,37,0,EQUAL,10,0,10,0,0,0
v93-u0-e1-t03-915984974c81,0.2,1,FIXED_CW_CARRY_IN,0,0,4,4,0,EQUAL,10,0,10,0,0,0
v93-u0-e1-t03-915984974c81,0.2,1,FIXED_CW_CARRY_IN,1,1,5,5,0,EQUAL,10,0,10,0,0,0
v93-u0-e1-t03-915984974c81,0.2,1,FIXED_CW_CARRY_IN,2,2,2,2,0,EQUAL,10,0,10,0,0,0
v93-u0-e1-t03-915984974c81,0.2,1,FIXED_CW_CARRY_IN,3,3,1,1,0,EQUAL,10,0,10,0,0,0
v93-u0-e1-t03-915984974c81,0.2,1,FIXED_CW_CARRY_IN,4,4,3,3,0,EQUAL,10,0,10,0,0,0
v93-u0-e1-t03-915984974c81,0.2,1,FIXED_CW_CARRY_IN,5,5,14,14,0,EQUAL,10,0,10,0,0,0
v93-u0-e1-t03-915984974c81,0.2,1,FIXED_CW_CARRY_IN,6,6,5,5,0,EQUAL,10,0,10,0,0,0
v93-u0-e1-t03-915984974c81,0.2,1,FIXED_CW_CARRY_IN,7,7,37,37,0,EQUAL,10,0,10,0,0,0
v93-u0-e1-t03-915984974c81,0.2,1,FIXED_CW_CARRY_IN,8,8,8,8,0,EQUAL,10,0,10,0,0,0
v93-u0-e1-t03-915984974c81,0.2,1,FIXED_CW_CARRY_IN,9,9,29,29,0,EQUAL,10,0,10,0,0,0
v93-u0-e1-t03-915984974c81,0.2,1,RECURSIVE_CARRY_IN,0,0,4,4,0,EQUAL,10,0,10,0,0,0
v93-u0-e1-t03-915984974c81,0.2,1,RECURSIVE_CARRY_IN,1,1,5,5,0,EQUAL,10,0,10,0,0,0
v93-u0-e1-t03-915984974c81,0.2,1,RECURSIVE_CARRY_IN,2,2,2,2,0,EQUAL,10,0,10,0,0,0
v93-u0-e1-t03-915984974c81,0.2,1,RECURSIVE_CARRY_IN,3,3,1,1,0,EQUAL,10,0,10,0,0,0
v93-u0-e1-t03-915984974c81,0.2,1,RECURSIVE_CARRY_IN,4,4,3,3,0,EQUAL,10,0,10,0,0,0
v93-u0-e1-t03-915984974c81,0.2,1,RECURSIVE_CARRY_IN,5,5,14,14,0,EQUAL,10,0,10,0,0,0
v93-u0-e1-t03-915984974c81,0.2,1,RECURSIVE_CARRY_IN,6,6,5,5,0,EQUAL,10,0,10,0,0,0
v93-u0-e1-t03-915984974c81,0.2,1,RECURSIVE_CARRY_IN,7,7,37,37,0,EQUAL,10,0,10,0,0,0
v93-u0-e1-t03-915984974c81,0.2,1,RECURSIVE_CARRY_IN,8,8,8,8,0,EQUAL,10,0,10,0,0,0
v93-u0-e1-t03-915984974c81,0.2,1,RECURSIVE_CARRY_IN,9,9,29,29,0,EQUAL,10,0,10,0,0,0
v93-u0-e1-t04-8faf75061cb3,0.2,1,DEADLINE_CARRY_IN,0,0,19,19,0,EQUAL,10,0,10,0,0,0
v93-u0-e1-t04-8faf75061cb3,0.2,1,DEADLINE_CARRY_IN,1,1,2,2,0,EQUAL,10,0,10,0,0,0
v93-u0-e1-t04-8faf75061cb3,0.2,1,DEADLINE_CARRY_IN,2,2,5,5,0,EQUAL,10,0,10,0,0,0
v93-u0-e1-t04-8faf75061cb3,0.2,1,DEADLINE_CARRY_IN,3,3,4,4,0,EQUAL,10,0,10,0,0,0
v93-u0-e1-t04-8faf75061cb3,0.2,1,DEADLINE_CARRY_IN,4,4,7,7,0,EQUAL,10,0,10,0,0,0
v93-u0-e1-t04-8faf75061cb3,0.2,1,DEADLINE_CARRY_IN,5,5,10,10,0,EQUAL,10,0,10,0,0,0
v93-u0-e1-t04-8faf75061cb3,0.2,1,DEADLINE_CARRY_IN,6,6,15,15,0,EQUAL,10,0,10,0,0,0
v93-u0-e1-t04-8faf75061cb3,0.2,1,DEADLINE_CARRY_IN,7,7,21,21,0,EQUAL,10,0,10,0,0,0
v93-u0-e1-t04-8faf75061cb3,0.2,1,DEADLINE_CARRY_IN,8,8,26,26,0,EQUAL,10,0,10,0,0,0
v93-u0-e1-t04-8faf75061cb3,0.2,1,DEADLINE_CARRY_IN,9,9,62,62,0,EQUAL,10,0,10,0,0,0
v93-u0-e1-t04-8faf75061cb3,0.2,1,FIXED_CW_CARRY_IN,0,0,19,19,0,EQUAL,10,0,10,0,0,0
v93-u0-e1-t04-8faf75061cb3,0.2,1,FIXED_CW_CARRY_IN,1,1,2,2,0,EQUAL,10,0,10,0,0,0
v93-u0-e1-t04-8faf75061cb3,0.2,1,FIXED_CW_CARRY_IN,2,2,5,5,0,EQUAL,10,0,10,0,0,0
v93-u0-e1-t04-8faf75061cb3,0.2,1,FIXED_CW_CARRY_IN,3,3,4,4,0,EQUAL,10,0,10,0,0,0
v93-u0-e1-t04-8faf75061cb3,0.2,1,FIXED_CW_CARRY_IN,4,4,5,5,0,EQUAL,10,0,10,0,0,0
v93-u0-e1-t04-8faf75061cb3,0.2,1,FIXED_CW_CARRY_IN,5,5,5,5,0,EQUAL,10,0,10,0,0,0
v93-u0-e1-t04-8faf75061cb3,0.2,1,FIXED_CW_CARRY_IN,6,6,10,10,0,EQUAL,10,0,10,0,0,0
v93-u0-e1-t04-8faf75061cb3,0.2,1,FIXED_CW_CARRY_IN,7,7,14,14,0,EQUAL,10,0,10,0,0,0
v93-u0-e1-t04-8faf75061cb3,0.2,1,FIXED_CW_CARRY_IN,8,8,17,17,0,EQUAL,10,0,10,0,0,0
v93-u0-e1-t04-8faf75061cb3,0.2,1,FIXED_CW_CARRY_IN,9,9,50,50,0,EQUAL,10,0,10,0,0,0
v93-u0-e1-t04-8faf75061cb3,0.2,1,RECURSIVE_CARRY_IN,0,0,19,19,0,EQUAL,10,0,10,0,0,0
v93-u0-e1-t04-8faf75061cb3,0.2,1,RECURSIVE_CARRY_IN,1,1,2,2,0,EQUAL,10,0,10,0,0,0
v93-u0-e1-t04-8faf75061cb3,0.2,1,RECURSIVE_CARRY_IN,2,2,5,5,0,EQUAL,10,0,10,0,0,0
v93-u0-e1-t04-8faf75061cb3,0.2,1,RECURSIVE_CARRY_IN,3,3,4,4,0,EQUAL,10,0,10,0,0,0
v93-u0-e1-t04-8faf75061cb3,0.2,1,RECURSIVE_CARRY_IN,4,4,5,5,0,EQUAL,10,0,10,0,0,0
v93-u0-e1-t04-8faf75061cb3,0.2,1,RECURSIVE_CARRY_IN,5,5,5,5,0,EQUAL,10,0,10,0,0,0
v93-u0-e1-t04-8faf75061cb3,0.2,1,RECURSIVE_CARRY_IN,6,6,10,10,0,EQUAL,10,0,10,0,0,0
v93-u0-e1-t04-8faf75061cb3,0.2,1,RECURSIVE_CARRY_IN,7,7,14,14,0,EQUAL,10,0,10,0,0,0
v93-u0-e1-t04-8faf75061cb3,0.2,1,RECURSIVE_CARRY_IN,8,8,17,17,0,EQUAL,10,0,10,0,0,0
v93-u0-e1-t04-8faf75061cb3,0.2,1,RECURSIVE_CARRY_IN,9,9,50,50,0,EQUAL,10,0,10,0,0,0
v93-u0-e1-t05-d56b119fb810,0.2,1,DEADLINE_CARRY_IN,0,0,2,2,0,EQUAL,10,0,10,0,0,0
v93-u0-e1-t05-d56b119fb810,0.2,1,DEADLINE_CARRY_IN,1,1,7,7,0,EQUAL,10,0,10,0,0,0
v93-u0-e1-t05-d56b119fb810,0.2,1,DEADLINE_CARRY_IN,2,2,5,5,0,EQUAL,10,0,10,0,0,0
v93-u0-e1-t05-d56b119fb810,0.2,1,DEADLINE_CARRY_IN,3,3,6,6,0,EQUAL,10,0,10,0,0,0
v93-u0-e1-t05-d56b119fb810,0.2,1,DEADLINE_CARRY_IN,4,4,10,10,0,EQUAL,10,0,10,0,0,0
v93-u0-e1-t05-d56b119fb810,0.2,1,DEADLINE_CARRY_IN,5,5,28,28,0,EQUAL,10,0,10,0,0,0
v93-u0-e1-t05-d56b119fb810,0.2,1,DEADLINE_CARRY_IN,6,6,24,24,0,EQUAL,10,0,10,0,0,0
v93-u0-e1-t05-d56b119fb810,0.2,1,DEADLINE_CARRY_IN,7,7,52,52,0,EQUAL,10,0,10,0,0,0
v93-u0-e1-t05-d56b119fb810,0.2,1,DEADLINE_CARRY_IN,8,8,44,44,0,EQUAL,10,0,10,0,0,0
v93-u0-e1-t05-d56b119fb810,0.2,1,DEADLINE_CARRY_IN,9,9,68,68,0,EQUAL,10,0,10,0,0,0
v93-u0-e1-t05-d56b119fb810,0.2,1,FIXED_CW_CARRY_IN,0,0,2,2,0,EQUAL,10,0,10,0,0,0
v93-u0-e1-t05-d56b119fb810,0.2,1,FIXED_CW_CARRY_IN,1,1,7,7,0,EQUAL,10,0,10,0,0,0
v93-u0-e1-t05-d56b119fb810,0.2,1,FIXED_CW_CARRY_IN,2,2,5,5,0,EQUAL,10,0,10,0,0,0
v93-u0-e1-t05-d56b119fb810,0.2,1,FIXED_CW_CARRY_IN,3,3,6,6,0,EQUAL,10,0,10,0,0,0
v93-u0-e1-t05-d56b119fb810,0.2,1,FIXED_CW_CARRY_IN,4,4,8,8,0,EQUAL,10,0,10,0,0,0
v93-u0-e1-t05-d56b119fb810,0.2,1,FIXED_CW_CARRY_IN,5,5,22,22,0,EQUAL,10,0,10,0,0,0
v93-u0-e1-t05-d56b119fb810,0.2,1,FIXED_CW_CARRY_IN,6,6,15,15,0,EQUAL,10,0,10,0,0,0
v93-u0-e1-t05-d56b119fb810,0.2,1,FIXED_CW_CARRY_IN,7,7,41,41,0,EQUAL,10,0,10,0,0,0
v93-u0-e1-t05-d56b119fb810,0.2,1,FIXED_CW_CARRY_IN,8,8,27,27,0,EQUAL,10,0,10,0,0,0
v93-u0-e1-t05-d56b119fb810,0.2,1,FIXED_CW_CARRY_IN,9,9,48,48,0,EQUAL,10,0,10,0,0,0
v93-u0-e1-t05-d56b119fb810,0.2,1,RECURSIVE_CARRY_IN,0,0,2,2,0,EQUAL,10,0,10,0,0,0
v93-u0-e1-t05-d56b119fb810,0.2,1,RECURSIVE_CARRY_IN,1,1,7,7,0,EQUAL,10,0,10,0,0,0
v93-u0-e1-t05-d56b119fb810,0.2,1,RECURSIVE_CARRY_IN,2,2,5,5,0,EQUAL,10,0,10,0,0,0
v93-u0-e1-t05-d56b119fb810,0.2,1,RECURSIVE_CARRY_IN,3,3,6,6,0,EQUAL,10,0,10,0,0,0
v93-u0-e1-t05-d56b119fb810,0.2,1,RECURSIVE_CARRY_IN,4,4,8,8,0,EQUAL,10,0,10,0,0,0
v93-u0-e1-t05-d56b119fb810,0.2,1,RECURSIVE_CARRY_IN,5,5,22,22,0,EQUAL,10,0,10,0,0,0
v93-u0-e1-t05-d56b119fb810,0.2,1,RECURSIVE_CARRY_IN,6,6,15,15,0,EQUAL,10,0,10,0,0,0
v93-u0-e1-t05-d56b119fb810,0.2,1,RECURSIVE_CARRY_IN,7,7,41,41,0,EQUAL,10,0,10,0,0,0
v93-u0-e1-t05-d56b119fb810,0.2,1,RECURSIVE_CARRY_IN,8,8,27,27,0,EQUAL,10,0,10,0,0,0
v93-u0-e1-t05-d56b119fb810,0.2,1,RECURSIVE_CARRY_IN,9,9,48,48,0,EQUAL,10,0,10,0,0,0
v93-u0-e1-t06-cfc83e02a77d,0.2,1,DEADLINE_CARRY_IN,0,0,5,5,0,EQUAL,10,0,10,0,0,0
v93-u0-e1-t06-cfc83e02a77d,0.2,1,DEADLINE_CARRY_IN,1,1,3,3,0,EQUAL,10,0,10,0,0,0
v93-u0-e1-t06-cfc83e02a77d,0.2,1,DEADLINE_CARRY_IN,2,2,1,1,0,EQUAL,10,0,10,0,0,0
v93-u0-e1-t06-cfc83e02a77d,0.2,1,DEADLINE_CARRY_IN,3,3,5,5,0,EQUAL,10,0,10,0,0,0
v93-u0-e1-t06-cfc83e02a77d,0.2,1,DEADLINE_CARRY_IN,4,4,11,11,0,EQUAL,10,0,10,0,0,0
v93-u0-e1-t06-cfc83e02a77d,0.2,1,DEADLINE_CARRY_IN,5,5,29,29,0,EQUAL,10,0,10,0,0,0
v93-u0-e1-t06-cfc83e02a77d,0.2,1,DEADLINE_CARRY_IN,6,6,21,21,0,EQUAL,10,0,10,0,0,0
v93-u0-e1-t06-cfc83e02a77d,0.2,1,DEADLINE_CARRY_IN,7,7,22,22,0,EQUAL,10,0,10,0,0,0
v93-u0-e1-t06-cfc83e02a77d,0.2,1,DEADLINE_CARRY_IN,8,8,27,27,0,EQUAL,10,0,10,0,0,0
v93-u0-e1-t06-cfc83e02a77d,0.2,1,DEADLINE_CARRY_IN,9,9,55,55,0,EQUAL,10,0,10,0,0,0
v93-u0-e1-t06-cfc83e02a77d,0.2,1,FIXED_CW_CARRY_IN,0,0,5,5,0,EQUAL,10,0,10,0,0,0
v93-u0-e1-t06-cfc83e02a77d,0.2,1,FIXED_CW_CARRY_IN,1,1,3,3,0,EQUAL,10,0,10,0,0,0
v93-u0-e1-t06-cfc83e02a77d,0.2,1,FIXED_CW_CARRY_IN,2,2,1,1,0,EQUAL,10,0,10,0,0,0
v93-u0-e1-t06-cfc83e02a77d,0.2,1,FIXED_CW_CARRY_IN,3,3,5,5,0,EQUAL,10,0,10,0,0,0
v93-u0-e1-t06-cfc83e02a77d,0.2,1,FIXED_CW_CARRY_IN,4,4,10,10,0,EQUAL,10,0,10,0,0,0
v93-u0-e1-t06-cfc83e02a77d,0.2,1,FIXED_CW_CARRY_IN,5,5,25,25,0,EQUAL,10,0,10,0,0,0
v93-u0-e1-t06-cfc83e02a77d,0.2,1,FIXED_CW_CARRY_IN,6,6,14,14,0,EQUAL,10,0,10,0,0,0
v93-u0-e1-t06-cfc83e02a77d,0.2,1,FIXED_CW_CARRY_IN,7,7,12,12,0,EQUAL,10,0,10,0,0,0
v93-u0-e1-t06-cfc83e02a77d,0.2,1,FIXED_CW_CARRY_IN,8,8,16,16,0,EQUAL,10,0,10,0,0,0
v93-u0-e1-t06-cfc83e02a77d,0.2,1,FIXED_CW_CARRY_IN,9,9,40,40,0,EQUAL,10,0,10,0,0,0
v93-u0-e1-t06-cfc83e02a77d,0.2,1,RECURSIVE_CARRY_IN,0,0,5,5,0,EQUAL,10,0,10,0,0,0
v93-u0-e1-t06-cfc83e02a77d,0.2,1,RECURSIVE_CARRY_IN,1,1,3,3,0,EQUAL,10,0,10,0,0,0
v93-u0-e1-t06-cfc83e02a77d,0.2,1,RECURSIVE_CARRY_IN,2,2,1,1,0,EQUAL,10,0,10,0,0,0
v93-u0-e1-t06-cfc83e02a77d,0.2,1,RECURSIVE_CARRY_IN,3,3,5,5,0,EQUAL,10,0,10,0,0,0
v93-u0-e1-t06-cfc83e02a77d,0.2,1,RECURSIVE_CARRY_IN,4,4,10,10,0,EQUAL,10,0,10,0,0,0
v93-u0-e1-t06-cfc83e02a77d,0.2,1,RECURSIVE_CARRY_IN,5,5,25,25,0,EQUAL,10,0,10,0,0,0
v93-u0-e1-t06-cfc83e02a77d,0.2,1,RECURSIVE_CARRY_IN,6,6,14,14,0,EQUAL,10,0,10,0,0,0
v93-u0-e1-t06-cfc83e02a77d,0.2,1,RECURSIVE_CARRY_IN,7,7,12,12,0,EQUAL,10,0,10,0,0,0
v93-u0-e1-t06-cfc83e02a77d,0.2,1,RECURSIVE_CARRY_IN,8,8,16,16,0,EQUAL,10,0,10,0,0,0
v93-u0-e1-t06-cfc83e02a77d,0.2,1,RECURSIVE_CARRY_IN,9,9,40,40,0,EQUAL,10,0,10,0,0,0
v93-u0-e1-t07-58744ea94fe6,0.2,1,DEADLINE_CARRY_IN,0,0,3,3,0,EQUAL,10,0,10,0,0,0
v93-u0-e1-t07-58744ea94fe6,0.2,1,DEADLINE_CARRY_IN,1,1,1,1,0,EQUAL,10,0,10,0,0,0
v93-u0-e1-t07-58744ea94fe6,0.2,1,DEADLINE_CARRY_IN,2,2,14,14,0,EQUAL,10,0,10,0,0,0
v93-u0-e1-t07-58744ea94fe6,0.2,1,DEADLINE_CARRY_IN,3,3,1,1,0,EQUAL,10,0,10,0,0,0
v93-u0-e1-t07-58744ea94fe6,0.2,1,DEADLINE_CARRY_IN,4,4,4,4,0,EQUAL,10,0,10,0,0,0
v93-u0-e1-t07-58744ea94fe6,0.2,1,DEADLINE_CARRY_IN,5,5,7,7,0,EQUAL,10,0,10,0,0,0
v93-u0-e1-t07-58744ea94fe6,0.2,1,DEADLINE_CARRY_IN,6,6,12,12,0,EQUAL,10,0,10,0,0,0
v93-u0-e1-t07-58744ea94fe6,0.2,1,DEADLINE_CARRY_IN,7,7,20,20,0,EQUAL,10,0,10,0,0,0
v93-u0-e1-t07-58744ea94fe6,0.2,1,DEADLINE_CARRY_IN,8,8,28,28,0,EQUAL,10,0,10,0,0,0
v93-u0-e1-t07-58744ea94fe6,0.2,1,DEADLINE_CARRY_IN,9,9,64,64,0,EQUAL,10,0,10,0,0,0
v93-u0-e1-t07-58744ea94fe6,0.2,1,FIXED_CW_CARRY_IN,0,0,3,3,0,EQUAL,10,0,10,0,0,0
v93-u0-e1-t07-58744ea94fe6,0.2,1,FIXED_CW_CARRY_IN,1,1,1,1,0,EQUAL,10,0,10,0,0,0
v93-u0-e1-t07-58744ea94fe6,0.2,1,FIXED_CW_CARRY_IN,2,2,14,14,0,EQUAL,10,0,10,0,0,0
v93-u0-e1-t07-58744ea94fe6,0.2,1,FIXED_CW_CARRY_IN,3,3,1,1,0,EQUAL,10,0,10,0,0,0
v93-u0-e1-t07-58744ea94fe6,0.2,1,FIXED_CW_CARRY_IN,4,4,3,3,0,EQUAL,10,0,10,0,0,0
v93-u0-e1-t07-58744ea94fe6,0.2,1,FIXED_CW_CARRY_IN,5,5,5,5,0,EQUAL,10,0,10,0,0,0
v93-u0-e1-t07-58744ea94fe6,0.2,1,FIXED_CW_CARRY_IN,6,6,9,9,0,EQUAL,10,0,10,0,0,0
v93-u0-e1-t07-58744ea94fe6,0.2,1,FIXED_CW_CARRY_IN,7,7,15,15,0,EQUAL,10,0,10,0,0,0
v93-u0-e1-t07-58744ea94fe6,0.2,1,FIXED_CW_CARRY_IN,8,8,20,20,0,EQUAL,10,0,10,0,0,0
v93-u0-e1-t07-58744ea94fe6,0.2,1,FIXED_CW_CARRY_IN,9,9,52,52,0,EQUAL,10,0,10,0,0,0
v93-u0-e1-t07-58744ea94fe6,0.2,1,RECURSIVE_CARRY_IN,0,0,3,3,0,EQUAL,10,0,10,0,0,0
v93-u0-e1-t07-58744ea94fe6,0.2,1,RECURSIVE_CARRY_IN,1,1,1,1,0,EQUAL,10,0,10,0,0,0
v93-u0-e1-t07-58744ea94fe6,0.2,1,RECURSIVE_CARRY_IN,2,2,14,14,0,EQUAL,10,0,10,0,0,0
v93-u0-e1-t07-58744ea94fe6,0.2,1,RECURSIVE_CARRY_IN,3,3,1,1,0,EQUAL,10,0,10,0,0,0
v93-u0-e1-t07-58744ea94fe6,0.2,1,RECURSIVE_CARRY_IN,4,4,3,3,0,EQUAL,10,0,10,0,0,0
v93-u0-e1-t07-58744ea94fe6,0.2,1,RECURSIVE_CARRY_IN,5,5,5,5,0,EQUAL,10,0,10,0,0,0
v93-u0-e1-t07-58744ea94fe6,0.2,1,RECURSIVE_CARRY_IN,6,6,9,9,0,EQUAL,10,0,10,0,0,0
v93-u0-e1-t07-58744ea94fe6,0.2,1,RECURSIVE_CARRY_IN,7,7,15,15,0,EQUAL,10,0,10,0,0,0
v93-u0-e1-t07-58744ea94fe6,0.2,1,RECURSIVE_CARRY_IN,8,8,20,20,0,EQUAL,10,0,10,0,0,0
v93-u0-e1-t07-58744ea94fe6,0.2,1,RECURSIVE_CARRY_IN,9,9,52,52,0,EQUAL,10,0,10,0,0,0
v93-u0-e1-t08-bb889ea3508a,0.2,1,DEADLINE_CARRY_IN,0,0,8,8,0,EQUAL,10,0,10,0,0,0
v93-u0-e1-t08-bb889ea3508a,0.2,1,DEADLINE_CARRY_IN,1,1,3,3,0,EQUAL,10,0,10,0,0,0
v93-u0-e1-t08-bb889ea3508a,0.2,1,DEADLINE_CARRY_IN,2,2,4,4,0,EQUAL,10,0,10,0,0,0
v93-u0-e1-t08-bb889ea3508a,0.2,1,DEADLINE_CARRY_IN,3,3,1,1,0,EQUAL,10,0,10,0,0,0
v93-u0-e1-t08-bb889ea3508a,0.2,1,DEADLINE_CARRY_IN,4,4,9,9,0,EQUAL,10,0,10,0,0,0
v93-u0-e1-t08-bb889ea3508a,0.2,1,DEADLINE_CARRY_IN,5,5,26,26,0,EQUAL,10,0,10,0,0,0
v93-u0-e1-t08-bb889ea3508a,0.2,1,DEADLINE_CARRY_IN,6,6,62,62,0,EQUAL,10,0,10,0,0,0
v93-u0-e1-t08-bb889ea3508a,0.2,1,DEADLINE_CARRY_IN,7,7,42,42,0,EQUAL,10,0,10,0,0,0
v93-u0-e1-t08-bb889ea3508a,0.2,1,DEADLINE_CARRY_IN,8,8,45,45,0,EQUAL,10,0,10,0,0,0
v93-u0-e1-t08-bb889ea3508a,0.2,1,DEADLINE_CARRY_IN,9,9,50,50,0,EQUAL,10,0,10,0,0,0
v93-u0-e1-t08-bb889ea3508a,0.2,1,FIXED_CW_CARRY_IN,0,0,8,8,0,EQUAL,10,0,10,0,0,0
v93-u0-e1-t08-bb889ea3508a,0.2,1,FIXED_CW_CARRY_IN,1,1,3,3,0,EQUAL,10,0,10,0,0,0
v93-u0-e1-t08-bb889ea3508a,0.2,1,FIXED_CW_CARRY_IN,2,2,4,4,0,EQUAL,10,0,10,0,0,0
v93-u0-e1-t08-bb889ea3508a,0.2,1,FIXED_CW_CARRY_IN,3,3,1,1,0,EQUAL,10,0,10,0,0,0
v93-u0-e1-t08-bb889ea3508a,0.2,1,FIXED_CW_CARRY_IN,4,4,8,8,0,EQUAL,10,0,10,0,0,0
v93-u0-e1-t08-bb889ea3508a,0.2,1,FIXED_CW_CARRY_IN,5,5,22,22,0,EQUAL,10,0,10,0,0,0
v93-u0-e1-t08-bb889ea3508a,0.2,1,FIXED_CW_CARRY_IN,6,6,54,54,0,EQUAL,10,0,10,0,0,0
v93-u0-e1-t08-bb889ea3508a,0.2,1,FIXED_CW_CARRY_IN,7,7,30,30,0,EQUAL,10,0,10,0,0,0
v93-u0-e1-t08-bb889ea3508a,0.2,1,FIXED_CW_CARRY_IN,8,8,25,25,0,EQUAL,10,0,10,0,0,0
v93-u0-e1-t08-bb889ea3508a,0.2,1,FIXED_CW_CARRY_IN,9,9,28,28,0,EQUAL,10,0,10,0,0,0
v93-u0-e1-t08-bb889ea3508a,0.2,1,RECURSIVE_CARRY_IN,0,0,8,8,0,EQUAL,10,0,10,0,0,0
v93-u0-e1-t08-bb889ea3508a,0.2,1,RECURSIVE_CARRY_IN,1,1,3,3,0,EQUAL,10,0,10,0,0,0
v93-u0-e1-t08-bb889ea3508a,0.2,1,RECURSIVE_CARRY_IN,2,2,4,4,0,EQUAL,10,0,10,0,0,0
v93-u0-e1-t08-bb889ea3508a,0.2,1,RECURSIVE_CARRY_IN,3,3,1,1,0,EQUAL,10,0,10,0,0,0
v93-u0-e1-t08-bb889ea3508a,0.2,1,RECURSIVE_CARRY_IN,4,4,8,8,0,EQUAL,10,0,10,0,0,0
v93-u0-e1-t08-bb889ea3508a,0.2,1,RECURSIVE_CARRY_IN,5,5,22,22,0,EQUAL,10,0,10,0,0,0
v93-u0-e1-t08-bb889ea3508a,0.2,1,RECURSIVE_CARRY_IN,6,6,54,54,0,EQUAL,10,0,10,0,0,0
v93-u0-e1-t08-bb889ea3508a,0.2,1,RECURSIVE_CARRY_IN,7,7,30,30,0,EQUAL,10,0,10,0,0,0
v93-u0-e1-t08-bb889ea3508a,0.2,1,RECURSIVE_CARRY_IN,8,8,25,25,0,EQUAL,10,0,10,0,0,0
v93-u0-e1-t08-bb889ea3508a,0.2,1,RECURSIVE_CARRY_IN,9,9,28,28,0,EQUAL,10,0,10,0,0,0
v93-u0-e1-t09-17fccf30edcd,0.2,1,DEADLINE_CARRY_IN,0,0,7,7,0,EQUAL,10,0,10,0,0,0
v93-u0-e1-t09-17fccf30edcd,0.2,1,DEADLINE_CARRY_IN,1,1,1,1,0,EQUAL,10,0,10,0,0,0
v93-u0-e1-t09-17fccf30edcd,0.2,1,DEADLINE_CARRY_IN,2,2,2,2,0,EQUAL,10,0,10,0,0,0
v93-u0-e1-t09-17fccf30edcd,0.2,1,DEADLINE_CARRY_IN,3,3,2,2,0,EQUAL,10,0,10,0,0,0
v93-u0-e1-t09-17fccf30edcd,0.2,1,DEADLINE_CARRY_IN,4,4,6,6,0,EQUAL,10,0,10,0,0,0
v93-u0-e1-t09-17fccf30edcd,0.2,1,DEADLINE_CARRY_IN,5,5,15,15,0,EQUAL,10,0,10,0,0,0
v93-u0-e1-t09-17fccf30edcd,0.2,1,DEADLINE_CARRY_IN,6,6,51,51,0,EQUAL,10,0,10,0,0,0
v93-u0-e1-t09-17fccf30edcd,0.2,1,DEADLINE_CARRY_IN,7,7,31,31,0,EQUAL,10,0,10,0,0,0
v93-u0-e1-t09-17fccf30edcd,0.2,1,DEADLINE_CARRY_IN,8,8,34,34,0,EQUAL,10,0,10,0,0,0
v93-u0-e1-t09-17fccf30edcd,0.2,1,DEADLINE_CARRY_IN,9,9,39,39,0,EQUAL,10,0,10,0,0,0
v93-u0-e1-t09-17fccf30edcd,0.2,1,FIXED_CW_CARRY_IN,0,0,7,7,0,EQUAL,10,0,10,0,0,0
v93-u0-e1-t09-17fccf30edcd,0.2,1,FIXED_CW_CARRY_IN,1,1,1,1,0,EQUAL,10,0,10,0,0,0
v93-u0-e1-t09-17fccf30edcd,0.2,1,FIXED_CW_CARRY_IN,2,2,2,2,0,EQUAL,10,0,10,0,0,0
v93-u0-e1-t09-17fccf30edcd,0.2,1,FIXED_CW_CARRY_IN,3,3,2,2,0,EQUAL,10,0,10,0,0,0
v93-u0-e1-t09-17fccf30edcd,0.2,1,FIXED_CW_CARRY_IN,4,4,5,5,0,EQUAL,10,0,10,0,0,0
v93-u0-e1-t09-17fccf30edcd,0.2,1,FIXED_CW_CARRY_IN,5,5,12,12,0,EQUAL,10,0,10,0,0,0
v93-u0-e1-t09-17fccf30edcd,0.2,1,FIXED_CW_CARRY_IN,6,6,46,46,0,EQUAL,10,0,10,0,0,0
v93-u0-e1-t09-17fccf30edcd,0.2,1,FIXED_CW_CARRY_IN,7,7,23,23,0,EQUAL,10,0,10,0,0,0
v93-u0-e1-t09-17fccf30edcd,0.2,1,FIXED_CW_CARRY_IN,8,8,21,21,0,EQUAL,10,0,10,0,0,0
v93-u0-e1-t09-17fccf30edcd,0.2,1,FIXED_CW_CARRY_IN,9,9,23,23,0,EQUAL,10,0,10,0,0,0
v93-u0-e1-t09-17fccf30edcd,0.2,1,RECURSIVE_CARRY_IN,0,0,7,7,0,EQUAL,10,0,10,0,0,0
v93-u0-e1-t09-17fccf30edcd,0.2,1,RECURSIVE_CARRY_IN,1,1,1,1,0,EQUAL,10,0,10,0,0,0
v93-u0-e1-t09-17fccf30edcd,0.2,1,RECURSIVE_CARRY_IN,2,2,2,2,0,EQUAL,10,0,10,0,0,0
v93-u0-e1-t09-17fccf30edcd,0.2,1,RECURSIVE_CARRY_IN,3,3,2,2,0,EQUAL,10,0,10,0,0,0
v93-u0-e1-t09-17fccf30edcd,0.2,1,RECURSIVE_CARRY_IN,4,4,5,5,0,EQUAL,10,0,10,0,0,0
v93-u0-e1-t09-17fccf30edcd,0.2,1,RECURSIVE_CARRY_IN,5,5,12,12,0,EQUAL,10,0,10,0,0,0
v93-u0-e1-t09-17fccf30edcd,0.2,1,RECURSIVE_CARRY_IN,6,6,46,46,0,EQUAL,10,0,10,0,0,0
v93-u0-e1-t09-17fccf30edcd,0.2,1,RECURSIVE_CARRY_IN,7,7,23,23,0,EQUAL,10,0,10,0,0,0
v93-u0-e1-t09-17fccf30edcd,0.2,1,RECURSIVE_CARRY_IN,8,8,21,21,0,EQUAL,10,0,10,0,0,0
v93-u0-e1-t09-17fccf30edcd,0.2,1,RECURSIVE_CARRY_IN,9,9,23,23,0,EQUAL,10,0,10,0,0,0
v93-u1-e0-t00-e34e528a3329,0.4,0,DEADLINE_CARRY_IN,,,,,,NOT_APPLICABLE,0,0,0,0,,
v93-u1-e0-t00-e34e528a3329,0.4,0,FIXED_CW_CARRY_IN,,,,,,NOT_APPLICABLE,0,0,0,0,,
v93-u1-e0-t00-e34e528a3329,0.4,0,RECURSIVE_CARRY_IN,,,,,,NOT_APPLICABLE,0,0,0,0,,
v93-u1-e0-t01-2f8f3ba103bc,0.4,0,DEADLINE_CARRY_IN,,,,,,NOT_APPLICABLE,0,0,0,0,,
v93-u1-e0-t01-2f8f3ba103bc,0.4,0,FIXED_CW_CARRY_IN,,,,,,NOT_APPLICABLE,0,0,0,0,,
v93-u1-e0-t01-2f8f3ba103bc,0.4,0,RECURSIVE_CARRY_IN,,,,,,NOT_APPLICABLE,0,0,0,0,,
v93-u1-e0-t02-f41b1b237187,0.4,0,DEADLINE_CARRY_IN,,,,,,NOT_APPLICABLE,0,0,0,0,,
v93-u1-e0-t02-f41b1b237187,0.4,0,FIXED_CW_CARRY_IN,,,,,,NOT_APPLICABLE,0,0,0,0,,
v93-u1-e0-t02-f41b1b237187,0.4,0,RECURSIVE_CARRY_IN,,,,,,NOT_APPLICABLE,0,0,0,0,,
v93-u1-e0-t03-3c582273ba40,0.4,0,DEADLINE_CARRY_IN,,,,,,NOT_APPLICABLE,0,0,0,0,,
v93-u1-e0-t03-3c582273ba40,0.4,0,FIXED_CW_CARRY_IN,,,,,,NOT_APPLICABLE,0,0,0,0,,
v93-u1-e0-t03-3c582273ba40,0.4,0,RECURSIVE_CARRY_IN,,,,,,NOT_APPLICABLE,0,0,0,0,,
v93-u1-e0-t04-4488026cc1b2,0.4,0,DEADLINE_CARRY_IN,,,,,,NOT_APPLICABLE,0,0,0,0,,
v93-u1-e0-t04-4488026cc1b2,0.4,0,FIXED_CW_CARRY_IN,,,,,,NOT_APPLICABLE,0,0,0,0,,
v93-u1-e0-t04-4488026cc1b2,0.4,0,RECURSIVE_CARRY_IN,,,,,,NOT_APPLICABLE,0,0,0,0,,
v93-u1-e0-t05-76f46d0351f1,0.4,0,DEADLINE_CARRY_IN,,,,,,NOT_APPLICABLE,0,0,0,0,,
v93-u1-e0-t05-76f46d0351f1,0.4,0,FIXED_CW_CARRY_IN,,,,,,NOT_APPLICABLE,0,0,0,0,,
v93-u1-e0-t05-76f46d0351f1,0.4,0,RECURSIVE_CARRY_IN,,,,,,NOT_APPLICABLE,0,0,0,0,,
v93-u1-e0-t06-99533d6adaca,0.4,0,DEADLINE_CARRY_IN,,,,,,NOT_APPLICABLE,0,0,0,0,,
v93-u1-e0-t06-99533d6adaca,0.4,0,FIXED_CW_CARRY_IN,,,,,,NOT_APPLICABLE,0,0,0,0,,
v93-u1-e0-t06-99533d6adaca,0.4,0,RECURSIVE_CARRY_IN,,,,,,NOT_APPLICABLE,0,0,0,0,,
v93-u1-e0-t07-3fd039c9fe56,0.4,0,DEADLINE_CARRY_IN,,,,,,NOT_APPLICABLE,0,0,0,0,,
v93-u1-e0-t07-3fd039c9fe56,0.4,0,FIXED_CW_CARRY_IN,,,,,,NOT_APPLICABLE,0,0,0,0,,
v93-u1-e0-t07-3fd039c9fe56,0.4,0,RECURSIVE_CARRY_IN,,,,,,NOT_APPLICABLE,0,0,0,0,,
v93-u1-e0-t08-5d66bf83087b,0.4,0,DEADLINE_CARRY_IN,,,,,,NOT_APPLICABLE,0,0,0,0,,
v93-u1-e0-t08-5d66bf83087b,0.4,0,FIXED_CW_CARRY_IN,,,,,,NOT_APPLICABLE,0,0,0,0,,
v93-u1-e0-t08-5d66bf83087b,0.4,0,RECURSIVE_CARRY_IN,,,,,,NOT_APPLICABLE,0,0,0,0,,
v93-u1-e0-t09-d591f5596850,0.4,0,DEADLINE_CARRY_IN,,,,,,NOT_APPLICABLE,0,0,0,0,,
v93-u1-e0-t09-d591f5596850,0.4,0,FIXED_CW_CARRY_IN,,,,,,NOT_APPLICABLE,0,0,0,0,,
v93-u1-e0-t09-d591f5596850,0.4,0,RECURSIVE_CARRY_IN,,,,,,NOT_APPLICABLE,0,0,0,0,,
v93-u1-e1-t00-65969f00bdd7,0.4,1,DEADLINE_CARRY_IN,0,0,30,30,0,EQUAL,10,0,10,0,0,0
v93-u1-e1-t00-65969f00bdd7,0.4,1,DEADLINE_CARRY_IN,1,1,4,4,0,EQUAL,10,0,10,0,0,0
v93-u1-e1-t00-65969f00bdd7,0.4,1,DEADLINE_CARRY_IN,2,2,5,5,0,EQUAL,10,0,10,0,0,0
v93-u1-e1-t00-65969f00bdd7,0.4,1,DEADLINE_CARRY_IN,3,3,4,4,0,EQUAL,10,0,10,0,0,0
v93-u1-e1-t00-65969f00bdd7,0.4,1,DEADLINE_CARRY_IN,4,4,49,49,0,EQUAL,10,0,10,0,0,0
v93-u1-e1-t00-65969f00bdd7,0.4,1,DEADLINE_CARRY_IN,5,5,17,17,0,EQUAL,10,0,10,0,0,0
v93-u1-e1-t00-65969f00bdd7,0.4,1,DEADLINE_CARRY_IN,6,6,64,64,0,EQUAL,10,0,10,0,0,0
v93-u1-e1-t00-65969f00bdd7,0.4,1,DEADLINE_CARRY_IN,7,7,55,55,0,EQUAL,10,0,10,0,0,0
v93-u1-e1-t00-65969f00bdd7,0.4,1,DEADLINE_CARRY_IN,8,8,76,76,0,EQUAL,10,0,10,0,0,0
v93-u1-e1-t00-65969f00bdd7,0.4,1,DEADLINE_CARRY_IN,9,9,128,128,0,EQUAL,10,0,10,0,0,0
v93-u1-e1-t00-65969f00bdd7,0.4,1,FIXED_CW_CARRY_IN,0,0,30,30,0,EQUAL,10,0,10,0,0,0
v93-u1-e1-t00-65969f00bdd7,0.4,1,FIXED_CW_CARRY_IN,1,1,4,4,0,EQUAL,10,0,10,0,0,0
v93-u1-e1-t00-65969f00bdd7,0.4,1,FIXED_CW_CARRY_IN,2,2,5,5,0,EQUAL,10,0,10,0,0,0
v93-u1-e1-t00-65969f00bdd7,0.4,1,FIXED_CW_CARRY_IN,3,3,4,4,0,EQUAL,10,0,10,0,0,0
v93-u1-e1-t00-65969f00bdd7,0.4,1,FIXED_CW_CARRY_IN,4,4,45,45,0,EQUAL,10,0,10,0,0,0
v93-u1-e1-t00-65969f00bdd7,0.4,1,FIXED_CW_CARRY_IN,5,5,10,10,0,EQUAL,10,0,10,0,0,0
v93-u1-e1-t00-65969f00bdd7,0.4,1,FIXED_CW_CARRY_IN,6,6,55,55,0,EQUAL,10,0,10,0,0,0
v93-u1-e1-t00-65969f00bdd7,0.4,1,FIXED_CW_CARRY_IN,7,7,38,38,0,EQUAL,10,0,10,0,0,0
v93-u1-e1-t00-65969f00bdd7,0.4,1,FIXED_CW_CARRY_IN,8,8,42,42,0,EQUAL,10,0,10,0,0,0
v93-u1-e1-t00-65969f00bdd7,0.4,1,FIXED_CW_CARRY_IN,9,9,79,79,0,EQUAL,10,0,10,0,0,0
v93-u1-e1-t00-65969f00bdd7,0.4,1,RECURSIVE_CARRY_IN,0,0,30,30,0,EQUAL,10,0,10,0,0,0
v93-u1-e1-t00-65969f00bdd7,0.4,1,RECURSIVE_CARRY_IN,1,1,4,4,0,EQUAL,10,0,10,0,0,0
v93-u1-e1-t00-65969f00bdd7,0.4,1,RECURSIVE_CARRY_IN,2,2,5,5,0,EQUAL,10,0,10,0,0,0
v93-u1-e1-t00-65969f00bdd7,0.4,1,RECURSIVE_CARRY_IN,3,3,4,4,0,EQUAL,10,0,10,0,0,0
v93-u1-e1-t00-65969f00bdd7,0.4,1,RECURSIVE_CARRY_IN,4,4,45,45,0,EQUAL,10,0,10,0,0,0
v93-u1-e1-t00-65969f00bdd7,0.4,1,RECURSIVE_CARRY_IN,5,5,10,10,0,EQUAL,10,0,10,0,0,0
v93-u1-e1-t00-65969f00bdd7,0.4,1,RECURSIVE_CARRY_IN,6,6,55,55,0,EQUAL,10,0,10,0,0,0
v93-u1-e1-t00-65969f00bdd7,0.4,1,RECURSIVE_CARRY_IN,7,7,38,38,0,EQUAL,10,0,10,0,0,0
v93-u1-e1-t00-65969f00bdd7,0.4,1,RECURSIVE_CARRY_IN,8,8,42,42,0,EQUAL,10,0,10,0,0,0
v93-u1-e1-t00-65969f00bdd7,0.4,1,RECURSIVE_CARRY_IN,9,9,79,79,0,EQUAL,10,0,10,0,0,0
v93-u1-e1-t01-6d6d0db990d3,0.4,1,DEADLINE_CARRY_IN,0,0,5,5,0,EQUAL,10,0,10,0,0,0
v93-u1-e1-t01-6d6d0db990d3,0.4,1,DEADLINE_CARRY_IN,1,1,15,15,0,EQUAL,10,0,10,0,0,0
v93-u1-e1-t01-6d6d0db990d3,0.4,1,DEADLINE_CARRY_IN,2,2,9,9,0,EQUAL,10,0,10,0,0,0
v93-u1-e1-t01-6d6d0db990d3,0.4,1,DEADLINE_CARRY_IN,3,3,14,14,0,EQUAL,10,0,10,0,0,0
v93-u1-e1-t01-6d6d0db990d3,0.4,1,DEADLINE_CARRY_IN,4,4,27,27,0,EQUAL,10,0,10,0,0,0
v93-u1-e1-t01-6d6d0db990d3,0.4,1,DEADLINE_CARRY_IN,5,5,52,52,0,EQUAL,10,0,10,0,0,0
v93-u1-e1-t01-6d6d0db990d3,0.4,1,DEADLINE_CARRY_IN,6,6,82,82,0,EQUAL,10,0,10,0,0,0
v93-u1-e1-t01-6d6d0db990d3,0.4,1,DEADLINE_CARRY_IN,7,7,76,76,0,EQUAL,10,0,10,0,0,0
v93-u1-e1-t01-6d6d0db990d3,0.4,1,DEADLINE_CARRY_IN,8,8,73,73,0,EQUAL,10,0,10,0,0,0
v93-u1-e1-t01-6d6d0db990d3,0.4,1,DEADLINE_CARRY_IN,9,9,139,139,0,EQUAL,10,0,10,0,0,0
v93-u1-e1-t01-6d6d0db990d3,0.4,1,FIXED_CW_CARRY_IN,0,0,5,5,0,EQUAL,10,0,10,0,0,0
v93-u1-e1-t01-6d6d0db990d3,0.4,1,FIXED_CW_CARRY_IN,1,1,15,15,0,EQUAL,10,0,10,0,0,0
v93-u1-e1-t01-6d6d0db990d3,0.4,1,FIXED_CW_CARRY_IN,2,2,9,9,0,EQUAL,10,0,10,0,0,0
v93-u1-e1-t01-6d6d0db990d3,0.4,1,FIXED_CW_CARRY_IN,3,3,14,14,0,EQUAL,10,0,10,0,0,0
v93-u1-e1-t01-6d6d0db990d3,0.4,1,FIXED_CW_CARRY_IN,4,4,22,22,0,EQUAL,10,0,10,0,0,0
v93-u1-e1-t01-6d6d0db990d3,0.4,1,FIXED_CW_CARRY_IN,5,5,38,38,0,EQUAL,10,0,10,0,0,0
v93-u1-e1-t01-6d6d0db990d3,0.4,1,FIXED_CW_CARRY_IN,6,6,62,62,0,EQUAL,10,0,10,0,0,0
v93-u1-e1-t01-6d6d0db990d3,0.4,1,FIXED_CW_CARRY_IN,7,7,47,47,0,EQUAL,10,0,10,0,0,0
v93-u1-e1-t01-6d6d0db990d3,0.4,1,FIXED_CW_CARRY_IN,8,8,37,37,0,EQUAL,10,0,10,0,0,0
v93-u1-e1-t01-6d6d0db990d3,0.4,1,FIXED_CW_CARRY_IN,9,9,102,102,0,EQUAL,10,0,10,0,0,0
v93-u1-e1-t01-6d6d0db990d3,0.4,1,RECURSIVE_CARRY_IN,0,0,5,5,0,EQUAL,10,0,10,0,0,0
v93-u1-e1-t01-6d6d0db990d3,0.4,1,RECURSIVE_CARRY_IN,1,1,15,15,0,EQUAL,10,0,10,0,0,0
v93-u1-e1-t01-6d6d0db990d3,0.4,1,RECURSIVE_CARRY_IN,2,2,9,9,0,EQUAL,10,0,10,0,0,0
v93-u1-e1-t01-6d6d0db990d3,0.4,1,RECURSIVE_CARRY_IN,3,3,14,14,0,EQUAL,10,0,10,0,0,0
v93-u1-e1-t01-6d6d0db990d3,0.4,1,RECURSIVE_CARRY_IN,4,4,22,22,0,EQUAL,10,0,10,0,0,0
v93-u1-e1-t01-6d6d0db990d3,0.4,1,RECURSIVE_CARRY_IN,5,5,38,38,0,EQUAL,10,0,10,0,0,0
v93-u1-e1-t01-6d6d0db990d3,0.4,1,RECURSIVE_CARRY_IN,6,6,62,62,0,EQUAL,10,0,10,0,0,0
v93-u1-e1-t01-6d6d0db990d3,0.4,1,RECURSIVE_CARRY_IN,7,7,47,47,0,EQUAL,10,0,10,0,0,0
v93-u1-e1-t01-6d6d0db990d3,0.4,1,RECURSIVE_CARRY_IN,8,8,37,37,0,EQUAL,10,0,10,0,0,0
v93-u1-e1-t01-6d6d0db990d3,0.4,1,RECURSIVE_CARRY_IN,9,9,102,102,0,EQUAL,10,0,10,0,0,0
v93-u1-e1-t02-aaa1532d33ef,0.4,1,DEADLINE_CARRY_IN,0,0,24,24,0,EQUAL,10,0,10,0,0,0
v93-u1-e1-t02-aaa1532d33ef,0.4,1,DEADLINE_CARRY_IN,1,1,11,11,0,EQUAL,10,0,10,0,0,0
v93-u1-e1-t02-aaa1532d33ef,0.4,1,DEADLINE_CARRY_IN,2,2,9,9,0,EQUAL,10,0,10,0,0,0
v93-u1-e1-t02-aaa1532d33ef,0.4,1,DEADLINE_CARRY_IN,3,3,1,1,0,EQUAL,10,0,10,0,0,0
v93-u1-e1-t02-aaa1532d33ef,0.4,1,DEADLINE_CARRY_IN,4,4,20,20,0,EQUAL,10,0,10,0,0,0
v93-u1-e1-t02-aaa1532d33ef,0.4,1,DEADLINE_CARRY_IN,5,5,51,51,0,EQUAL,10,0,10,0,0,0
v93-u1-e1-t02-aaa1532d33ef,0.4,1,DEADLINE_CARRY_IN,6,6,41,41,0,EQUAL,10,0,10,0,0,0
v93-u1-e1-t02-aaa1532d33ef,0.4,1,DEADLINE_CARRY_IN,7,7,51,51,0,EQUAL,10,0,10,0,0,0
v93-u1-e1-t02-aaa1532d33ef,0.4,1,DEADLINE_CARRY_IN,8,8,107,107,0,EQUAL,10,0,10,0,0,0
v93-u1-e1-t02-aaa1532d33ef,0.4,1,DEADLINE_CARRY_IN,9,9,92,92,0,EQUAL,10,0,10,0,0,0
v93-u1-e1-t02-aaa1532d33ef,0.4,1,FIXED_CW_CARRY_IN,0,0,24,24,0,EQUAL,10,0,10,0,0,0
v93-u1-e1-t02-aaa1532d33ef,0.4,1,FIXED_CW_CARRY_IN,1,1,11,11,0,EQUAL,10,0,10,0,0,0
v93-u1-e1-t02-aaa1532d33ef,0.4,1,FIXED_CW_CARRY_IN,2,2,9,9,0,EQUAL,10,0,10,0,0,0
v93-u1-e1-t02-aaa1532d33ef,0.4,1,FIXED_CW_CARRY_IN,3,3,1,1,0,EQUAL,10,0,10,0,0,0
v93-u1-e1-t02-aaa1532d33ef,0.4,1,FIXED_CW_CARRY_IN,4,4,19,19,0,EQUAL,10,0,10,0,0,0
v93-u1-e1-t02-aaa1532d33ef,0.4,1,FIXED_CW_CARRY_IN,5,5,41,41,0,EQUAL,10,0,10,0,0,0
v93-u1-e1-t02-aaa1532d33ef,0.4,1,FIXED_CW_CARRY_IN,6,6,21,21,0,EQUAL,10,0,10,0,0,0
v93-u1-e1-t02-aaa1532d33ef,0.4,1,FIXED_CW_CARRY_IN,7,7,30,30,0,EQUAL,10,0,10,0,0,0
v93-u1-e1-t02-aaa1532d33ef,0.4,1,FIXED_CW_CARRY_IN,8,8,77,77,0,EQUAL,10,0,10,0,0,0
v93-u1-e1-t02-aaa1532d33ef,0.4,1,FIXED_CW_CARRY_IN,9,9,47,47,0,EQUAL,10,0,10,0,0,0
v93-u1-e1-t02-aaa1532d33ef,0.4,1,RECURSIVE_CARRY_IN,0,0,24,24,0,EQUAL,10,0,10,0,0,0
v93-u1-e1-t02-aaa1532d33ef,0.4,1,RECURSIVE_CARRY_IN,1,1,11,11,0,EQUAL,10,0,10,0,0,0
v93-u1-e1-t02-aaa1532d33ef,0.4,1,RECURSIVE_CARRY_IN,2,2,9,9,0,EQUAL,10,0,10,0,0,0
v93-u1-e1-t02-aaa1532d33ef,0.4,1,RECURSIVE_CARRY_IN,3,3,1,1,0,EQUAL,10,0,10,0,0,0
v93-u1-e1-t02-aaa1532d33ef,0.4,1,RECURSIVE_CARRY_IN,4,4,19,19,0,EQUAL,10,0,10,0,0,0
v93-u1-e1-t02-aaa1532d33ef,0.4,1,RECURSIVE_CARRY_IN,5,5,41,41,0,EQUAL,10,0,10,0,0,0
v93-u1-e1-t02-aaa1532d33ef,0.4,1,RECURSIVE_CARRY_IN,6,6,21,21,0,EQUAL,10,0,10,0,0,0
v93-u1-e1-t02-aaa1532d33ef,0.4,1,RECURSIVE_CARRY_IN,7,7,30,30,0,EQUAL,10,0,10,0,0,0
v93-u1-e1-t02-aaa1532d33ef,0.4,1,RECURSIVE_CARRY_IN,8,8,77,77,0,EQUAL,10,0,10,0,0,0
v93-u1-e1-t02-aaa1532d33ef,0.4,1,RECURSIVE_CARRY_IN,9,9,47,47,0,EQUAL,10,0,10,0,0,0
v93-u1-e1-t03-ab3e4493620a,0.4,1,DEADLINE_CARRY_IN,0,0,13,13,0,EQUAL,8,0,8,0,0,0
v93-u1-e1-t03-ab3e4493620a,0.4,1,DEADLINE_CARRY_IN,1,1,23,23,0,EQUAL,8,0,8,0,0,0
v93-u1-e1-t03-ab3e4493620a,0.4,1,DEADLINE_CARRY_IN,2,2,8,8,0,EQUAL,8,0,8,0,0,0
v93-u1-e1-t03-ab3e4493620a,0.4,1,DEADLINE_CARRY_IN,3,3,83,83,0,EQUAL,8,0,8,0,0,0
v93-u1-e1-t03-ab3e4493620a,0.4,1,DEADLINE_CARRY_IN,4,4,19,19,0,EQUAL,8,0,8,0,0,0
v93-u1-e1-t03-ab3e4493620a,0.4,1,DEADLINE_CARRY_IN,5,5,26,26,0,EQUAL,8,0,8,0,0,0
v93-u1-e1-t03-ab3e4493620a,0.4,1,DEADLINE_CARRY_IN,6,6,40,40,0,EQUAL,8,0,8,0,0,0
v93-u1-e1-t03-ab3e4493620a,0.4,1,DEADLINE_CARRY_IN,7,7,59,59,0,EQUAL,8,0,8,0,0,0
v93-u1-e1-t03-ab3e4493620a,0.4,1,FIXED_CW_CARRY_IN,0,0,13,13,0,EQUAL,10,0,10,0,0,0
v93-u1-e1-t03-ab3e4493620a,0.4,1,FIXED_CW_CARRY_IN,1,1,23,23,0,EQUAL,10,0,10,0,0,0
v93-u1-e1-t03-ab3e4493620a,0.4,1,FIXED_CW_CARRY_IN,2,2,8,8,0,EQUAL,10,0,10,0,0,0
v93-u1-e1-t03-ab3e4493620a,0.4,1,FIXED_CW_CARRY_IN,3,3,83,83,0,EQUAL,10,0,10,0,0,0
v93-u1-e1-t03-ab3e4493620a,0.4,1,FIXED_CW_CARRY_IN,4,4,11,11,0,EQUAL,10,0,10,0,0,0
v93-u1-e1-t03-ab3e4493620a,0.4,1,FIXED_CW_CARRY_IN,5,5,15,15,0,EQUAL,10,0,10,0,0,0
v93-u1-e1-t03-ab3e4493620a,0.4,1,FIXED_CW_CARRY_IN,6,6,26,26,0,EQUAL,10,0,10,0,0,0
v93-u1-e1-t03-ab3e4493620a,0.4,1,FIXED_CW_CARRY_IN,7,7,39,39,0,EQUAL,10,0,10,0,0,0
v93-u1-e1-t03-ab3e4493620a,0.4,1,FIXED_CW_CARRY_IN,8,8,99,99,0,EQUAL,10,0,10,0,0,0
v93-u1-e1-t03-ab3e4493620a,0.4,1,FIXED_CW_CARRY_IN,9,9,43,43,0,EQUAL,10,0,10,0,0,0
v93-u1-e1-t03-ab3e4493620a,0.4,1,RECURSIVE_CARRY_IN,0,0,13,13,0,EQUAL,10,0,10,0,0,0
v93-u1-e1-t03-ab3e4493620a,0.4,1,RECURSIVE_CARRY_IN,1,1,23,23,0,EQUAL,10,0,10,0,0,0
v93-u1-e1-t03-ab3e4493620a,0.4,1,RECURSIVE_CARRY_IN,2,2,8,8,0,EQUAL,10,0,10,0,0,0
v93-u1-e1-t03-ab3e4493620a,0.4,1,RECURSIVE_CARRY_IN,3,3,83,83,0,EQUAL,10,0,10,0,0,0
v93-u1-e1-t03-ab3e4493620a,0.4,1,RECURSIVE_CARRY_IN,4,4,11,11,0,EQUAL,10,0,10,0,0,0
v93-u1-e1-t03-ab3e4493620a,0.4,1,RECURSIVE_CARRY_IN,5,5,15,15,0,EQUAL,10,0,10,0,0,0
v93-u1-e1-t03-ab3e4493620a,0.4,1,RECURSIVE_CARRY_IN,6,6,26,26,0,EQUAL,10,0,10,0,0,0
v93-u1-e1-t03-ab3e4493620a,0.4,1,RECURSIVE_CARRY_IN,7,7,39,39,0,EQUAL,10,0,10,0,0,0
v93-u1-e1-t03-ab3e4493620a,0.4,1,RECURSIVE_CARRY_IN,8,8,99,99,0,EQUAL,10,0,10,0,0,0
v93-u1-e1-t03-ab3e4493620a,0.4,1,RECURSIVE_CARRY_IN,9,9,43,43,0,EQUAL,10,0,10,0,0,0
v93-u1-e1-t04-abc085f78c66,0.4,1,DEADLINE_CARRY_IN,0,0,23,23,0,EQUAL,10,0,10,0,0,0
v93-u1-e1-t04-abc085f78c66,0.4,1,DEADLINE_CARRY_IN,1,1,26,26,0,EQUAL,10,0,10,0,0,0
v93-u1-e1-t04-abc085f78c66,0.4,1,DEADLINE_CARRY_IN,2,2,15,15,0,EQUAL,10,0,10,0,0,0
v93-u1-e1-t04-abc085f78c66,0.4,1,DEADLINE_CARRY_IN,3,3,23,23,0,EQUAL,10,0,10,0,0,0
v93-u1-e1-t04-abc085f78c66,0.4,1,DEADLINE_CARRY_IN,4,4,43,43,0,EQUAL,10,0,10,0,0,0
v93-u1-e1-t04-abc085f78c66,0.4,1,DEADLINE_CARRY_IN,5,5,54,54,0,EQUAL,10,0,10,0,0,0
v93-u1-e1-t04-abc085f78c66,0.4,1,DEADLINE_CARRY_IN,6,6,64,64,0,EQUAL,10,0,10,0,0,0
v93-u1-e1-t04-abc085f78c66,0.4,1,DEADLINE_CARRY_IN,7,7,65,65,0,EQUAL,10,0,10,0,0,0
v93-u1-e1-t04-abc085f78c66,0.4,1,DEADLINE_CARRY_IN,8,8,67,67,0,EQUAL,10,0,10,0,0,0
v93-u1-e1-t04-abc085f78c66,0.4,1,DEADLINE_CARRY_IN,9,9,72,72,0,EQUAL,10,0,10,0,0,0
v93-u1-e1-t04-abc085f78c66,0.4,1,FIXED_CW_CARRY_IN,0,0,23,23,0,EQUAL,10,0,10,0,0,0
v93-u1-e1-t04-abc085f78c66,0.4,1,FIXED_CW_CARRY_IN,1,1,26,26,0,EQUAL,10,0,10,0,0,0
v93-u1-e1-t04-abc085f78c66,0.4,1,FIXED_CW_CARRY_IN,2,2,15,15,0,EQUAL,10,0,10,0,0,0
v93-u1-e1-t04-abc085f78c66,0.4,1,FIXED_CW_CARRY_IN,3,3,23,23,0,EQUAL,10,0,10,0,0,0
v93-u1-e1-t04-abc085f78c66,0.4,1,FIXED_CW_CARRY_IN,4,4,28,28,0,EQUAL,10,0,10,0,0,0
v93-u1-e1-t04-abc085f78c66,0.4,1,FIXED_CW_CARRY_IN,5,5,29,29,0,EQUAL,10,0,10,0,0,0
v93-u1-e1-t04-abc085f78c66,0.4,1,FIXED_CW_CARRY_IN,6,6,38,38,0,EQUAL,10,0,10,0,0,0
v93-u1-e1-t04-abc085f78c66,0.4,1,FIXED_CW_CARRY_IN,7,7,36,36,0,EQUAL,10,0,10,0,0,0
v93-u1-e1-t04-abc085f78c66,0.4,1,FIXED_CW_CARRY_IN,8,8,36,36,0,EQUAL,10,0,10,0,0,0
v93-u1-e1-t04-abc085f78c66,0.4,1,FIXED_CW_CARRY_IN,9,9,40,40,0,EQUAL,10,0,10,0,0,0
v93-u1-e1-t04-abc085f78c66,0.4,1,RECURSIVE_CARRY_IN,0,0,23,23,0,EQUAL,10,0,10,0,0,0
v93-u1-e1-t04-abc085f78c66,0.4,1,RECURSIVE_CARRY_IN,1,1,26,26,0,EQUAL,10,0,10,0,0,0
v93-u1-e1-t04-abc085f78c66,0.4,1,RECURSIVE_CARRY_IN,2,2,15,15,0,EQUAL,10,0,10,0,0,0
v93-u1-e1-t04-abc085f78c66,0.4,1,RECURSIVE_CARRY_IN,3,3,23,23,0,EQUAL,10,0,10,0,0,0
v93-u1-e1-t04-abc085f78c66,0.4,1,RECURSIVE_CARRY_IN,4,4,28,28,0,EQUAL,10,0,10,0,0,0
v93-u1-e1-t04-abc085f78c66,0.4,1,RECURSIVE_CARRY_IN,5,5,29,29,0,EQUAL,10,0,10,0,0,0
v93-u1-e1-t04-abc085f78c66,0.4,1,RECURSIVE_CARRY_IN,6,6,38,38,0,EQUAL,10,0,10,0,0,0
v93-u1-e1-t04-abc085f78c66,0.4,1,RECURSIVE_CARRY_IN,7,7,36,36,0,EQUAL,10,0,10,0,0,0
v93-u1-e1-t04-abc085f78c66,0.4,1,RECURSIVE_CARRY_IN,8,8,36,36,0,EQUAL,10,0,10,0,0,0
v93-u1-e1-t04-abc085f78c66,0.4,1,RECURSIVE_CARRY_IN,9,9,40,40,0,EQUAL,10,0,10,0,0,0
v93-u1-e1-t05-26407c67d1ef,0.4,1,DEADLINE_CARRY_IN,0,0,7,7,0,EQUAL,10,0,10,0,0,0
v93-u1-e1-t05-26407c67d1ef,0.4,1,DEADLINE_CARRY_IN,1,1,2,2,0,EQUAL,10,0,10,0,0,0
v93-u1-e1-t05-26407c67d1ef,0.4,1,DEADLINE_CARRY_IN,2,2,10,10,0,EQUAL,10,0,10,0,0,0
v93-u1-e1-t05-26407c67d1ef,0.4,1,DEADLINE_CARRY_IN,3,3,31,31,0,EQUAL,10,0,10,0,0,0
v93-u1-e1-t05-26407c67d1ef,0.4,1,DEADLINE_CARRY_IN,4,4,16,16,0,EQUAL,10,0,10,0,0,0
v93-u1-e1-t05-26407c67d1ef,0.4,1,DEADLINE_CARRY_IN,5,5,50,50,0,EQUAL,10,0,10,0,0,0
v93-u1-e1-t05-26407c67d1ef,0.4,1,DEADLINE_CARRY_IN,6,6,67,67,0,EQUAL,10,0,10,0,0,0
v93-u1-e1-t05-26407c67d1ef,0.4,1,DEADLINE_CARRY_IN,7,7,68,68,0,EQUAL,10,0,10,0,0,0
v93-u1-e1-t05-26407c67d1ef,0.4,1,DEADLINE_CARRY_IN,8,8,78,78,0,EQUAL,10,0,10,0,0,0
v93-u1-e1-t05-26407c67d1ef,0.4,1,DEADLINE_CARRY_IN,9,9,140,140,0,EQUAL,10,0,10,0,0,0
v93-u1-e1-t05-26407c67d1ef,0.4,1,FIXED_CW_CARRY_IN,0,0,7,7,0,EQUAL,10,0,10,0,0,0
v93-u1-e1-t05-26407c67d1ef,0.4,1,FIXED_CW_CARRY_IN,1,1,2,2,0,EQUAL,10,0,10,0,0,0
v93-u1-e1-t05-26407c67d1ef,0.4,1,FIXED_CW_CARRY_IN,2,2,10,10,0,EQUAL,10,0,10,0,0,0
v93-u1-e1-t05-26407c67d1ef,0.4,1,FIXED_CW_CARRY_IN,3,3,31,31,0,EQUAL,10,0,10,0,0,0
v93-u1-e1-t05-26407c67d1ef,0.4,1,FIXED_CW_CARRY_IN,4,4,14,14,0,EQUAL,10,0,10,0,0,0
v93-u1-e1-t05-26407c67d1ef,0.4,1,FIXED_CW_CARRY_IN,5,5,41,41,0,EQUAL,10,0,10,0,0,0
v93-u1-e1-t05-26407c67d1ef,0.4,1,FIXED_CW_CARRY_IN,6,6,51,51,0,EQUAL,10,0,10,0,0,0
v93-u1-e1-t05-26407c67d1ef,0.4,1,FIXED_CW_CARRY_IN,7,7,34,34,0,EQUAL,10,0,10,0,0,0
v93-u1-e1-t05-26407c67d1ef,0.4,1,FIXED_CW_CARRY_IN,8,8,43,43,0,EQUAL,10,0,10,0,0,0
v93-u1-e1-t05-26407c67d1ef,0.4,1,FIXED_CW_CARRY_IN,9,9,99,99,0,EQUAL,10,0,10,0,0,0
v93-u1-e1-t05-26407c67d1ef,0.4,1,RECURSIVE_CARRY_IN,0,0,7,7,0,EQUAL,10,0,10,0,0,0
v93-u1-e1-t05-26407c67d1ef,0.4,1,RECURSIVE_CARRY_IN,1,1,2,2,0,EQUAL,10,0,10,0,0,0
v93-u1-e1-t05-26407c67d1ef,0.4,1,RECURSIVE_CARRY_IN,2,2,10,10,0,EQUAL,10,0,10,0,0,0
v93-u1-e1-t05-26407c67d1ef,0.4,1,RECURSIVE_CARRY_IN,3,3,31,31,0,EQUAL,10,0,10,0,0,0
v93-u1-e1-t05-26407c67d1ef,0.4,1,RECURSIVE_CARRY_IN,4,4,14,14,0,EQUAL,10,0,10,0,0,0
v93-u1-e1-t05-26407c67d1ef,0.4,1,RECURSIVE_CARRY_IN,5,5,41,41,0,EQUAL,10,0,10,0,0,0
v93-u1-e1-t05-26407c67d1ef,0.4,1,RECURSIVE_CARRY_IN,6,6,51,51,0,EQUAL,10,0,10,0,0,0
v93-u1-e1-t05-26407c67d1ef,0.4,1,RECURSIVE_CARRY_IN,7,7,34,34,0,EQUAL,10,0,10,0,0,0
v93-u1-e1-t05-26407c67d1ef,0.4,1,RECURSIVE_CARRY_IN,8,8,43,43,0,EQUAL,10,0,10,0,0,0
v93-u1-e1-t05-26407c67d1ef,0.4,1,RECURSIVE_CARRY_IN,9,9,99,99,0,EQUAL,10,0,10,0,0,0
v93-u1-e1-t06-7c33b3866f7f,0.4,1,DEADLINE_CARRY_IN,0,0,13,13,0,EQUAL,8,0,8,0,0,0
v93-u1-e1-t06-7c33b3866f7f,0.4,1,DEADLINE_CARRY_IN,1,1,6,6,0,EQUAL,8,0,8,0,0,0
v93-u1-e1-t06-7c33b3866f7f,0.4,1,DEADLINE_CARRY_IN,2,2,2,2,0,EQUAL,8,0,8,0,0,0
v93-u1-e1-t06-7c33b3866f7f,0.4,1,DEADLINE_CARRY_IN,3,3,4,4,0,EQUAL,8,0,8,0,0,0
v93-u1-e1-t06-7c33b3866f7f,0.4,1,DEADLINE_CARRY_IN,4,4,19,19,0,EQUAL,8,0,8,0,0,0
v93-u1-e1-t06-7c33b3866f7f,0.4,1,DEADLINE_CARRY_IN,5,5,24,24,0,EQUAL,8,0,8,0,0,0
v93-u1-e1-t06-7c33b3866f7f,0.4,1,DEADLINE_CARRY_IN,6,6,29,29,0,EQUAL,8,0,8,0,0,0
v93-u1-e1-t06-7c33b3866f7f,0.4,1,DEADLINE_CARRY_IN,7,7,37,37,0,EQUAL,8,0,8,0,0,0
v93-u1-e1-t06-7c33b3866f7f,0.4,1,FIXED_CW_CARRY_IN,,,,,,NOT_APPLICABLE,0,0,0,0,,
v93-u1-e1-t06-7c33b3866f7f,0.4,1,RECURSIVE_CARRY_IN,0,0,13,13,0,EQUAL,9,0,9,0,0,0
v93-u1-e1-t06-7c33b3866f7f,0.4,1,RECURSIVE_CARRY_IN,1,1,6,6,0,EQUAL,9,0,9,0,0,0
v93-u1-e1-t06-7c33b3866f7f,0.4,1,RECURSIVE_CARRY_IN,2,2,2,2,0,EQUAL,9,0,9,0,0,0
v93-u1-e1-t06-7c33b3866f7f,0.4,1,RECURSIVE_CARRY_IN,3,3,4,4,0,EQUAL,9,0,9,0,0,0
v93-u1-e1-t06-7c33b3866f7f,0.4,1,RECURSIVE_CARRY_IN,4,4,17,17,0,EQUAL,9,0,9,0,0,0
v93-u1-e1-t06-7c33b3866f7f,0.4,1,RECURSIVE_CARRY_IN,5,5,18,18,0,EQUAL,9,0,9,0,0,0
v93-u1-e1-t06-7c33b3866f7f,0.4,1,RECURSIVE_CARRY_IN,6,6,17,17,0,EQUAL,9,0,9,0,0,0
v93-u1-e1-t06-7c33b3866f7f,0.4,1,RECURSIVE_CARRY_IN,7,7,23,23,0,EQUAL,9,0,9,0,0,0
v93-u1-e1-t06-7c33b3866f7f,0.4,1,RECURSIVE_CARRY_IN,8,8,134,134,0,EQUAL,9,0,9,0,0,0
v93-u1-e1-t07-c46a267aff7e,0.4,1,DEADLINE_CARRY_IN,0,0,15,15,0,EQUAL,10,0,10,0,0,0
v93-u1-e1-t07-c46a267aff7e,0.4,1,DEADLINE_CARRY_IN,1,1,3,3,0,EQUAL,10,0,10,0,0,0
v93-u1-e1-t07-c46a267aff7e,0.4,1,DEADLINE_CARRY_IN,2,2,15,15,0,EQUAL,10,0,10,0,0,0
v93-u1-e1-t07-c46a267aff7e,0.4,1,DEADLINE_CARRY_IN,3,3,10,10,0,EQUAL,10,0,10,0,0,0
v93-u1-e1-t07-c46a267aff7e,0.4,1,DEADLINE_CARRY_IN,4,4,31,31,0,EQUAL,10,0,10,0,0,0
v93-u1-e1-t07-c46a267aff7e,0.4,1,DEADLINE_CARRY_IN,5,5,60,60,0,EQUAL,10,0,10,0,0,0
v93-u1-e1-t07-c46a267aff7e,0.4,1,DEADLINE_CARRY_IN,6,6,54,54,0,EQUAL,10,0,10,0,0,0
v93-u1-e1-t07-c46a267aff7e,0.4,1,DEADLINE_CARRY_IN,7,7,61,61,0,EQUAL,10,0,10,0,0,0
v93-u1-e1-t07-c46a267aff7e,0.4,1,DEADLINE_CARRY_IN,8,8,69,69,0,EQUAL,10,0,10,0,0,0
v93-u1-e1-t07-c46a267aff7e,0.4,1,DEADLINE_CARRY_IN,9,9,106,106,0,EQUAL,10,0,10,0,0,0
v93-u1-e1-t07-c46a267aff7e,0.4,1,FIXED_CW_CARRY_IN,0,0,15,15,0,EQUAL,10,0,10,0,0,0
v93-u1-e1-t07-c46a267aff7e,0.4,1,FIXED_CW_CARRY_IN,1,1,3,3,0,EQUAL,10,0,10,0,0,0
v93-u1-e1-t07-c46a267aff7e,0.4,1,FIXED_CW_CARRY_IN,2,2,15,15,0,EQUAL,10,0,10,0,0,0
v93-u1-e1-t07-c46a267aff7e,0.4,1,FIXED_CW_CARRY_IN,3,3,10,10,0,EQUAL,10,0,10,0,0,0
v93-u1-e1-t07-c46a267aff7e,0.4,1,FIXED_CW_CARRY_IN,4,4,28,28,0,EQUAL,10,0,10,0,0,0
v93-u1-e1-t07-c46a267aff7e,0.4,1,FIXED_CW_CARRY_IN,5,5,47,47,0,EQUAL,10,0,10,0,0,0
v93-u1-e1-t07-c46a267aff7e,0.4,1,FIXED_CW_CARRY_IN,6,6,32,32,0,EQUAL,10,0,10,0,0,0
v93-u1-e1-t07-c46a267aff7e,0.4,1,FIXED_CW_CARRY_IN,7,7,35,35,0,EQUAL,10,0,10,0,0,0
v93-u1-e1-t07-c46a267aff7e,0.4,1,FIXED_CW_CARRY_IN,8,8,40,40,0,EQUAL,10,0,10,0,0,0
v93-u1-e1-t07-c46a267aff7e,0.4,1,FIXED_CW_CARRY_IN,9,9,62,62,0,EQUAL,10,0,10,0,0,0
v93-u1-e1-t07-c46a267aff7e,0.4,1,RECURSIVE_CARRY_IN,0,0,15,15,0,EQUAL,10,0,10,0,0,0
v93-u1-e1-t07-c46a267aff7e,0.4,1,RECURSIVE_CARRY_IN,1,1,3,3,0,EQUAL,10,0,10,0,0,0
v93-u1-e1-t07-c46a267aff7e,0.4,1,RECURSIVE_CARRY_IN,2,2,15,15,0,EQUAL,10,0,10,0,0,0
v93-u1-e1-t07-c46a267aff7e,0.4,1,RECURSIVE_CARRY_IN,3,3,10,10,0,EQUAL,10,0,10,0,0,0
v93-u1-e1-t07-c46a267aff7e,0.4,1,RECURSIVE_CARRY_IN,4,4,28,28,0,EQUAL,10,0,10,0,0,0
v93-u1-e1-t07-c46a267aff7e,0.4,1,RECURSIVE_CARRY_IN,5,5,47,47,0,EQUAL,10,0,10,0,0,0
v93-u1-e1-t07-c46a267aff7e,0.4,1,RECURSIVE_CARRY_IN,6,6,32,32,0,EQUAL,10,0,10,0,0,0
v93-u1-e1-t07-c46a267aff7e,0.4,1,RECURSIVE_CARRY_IN,7,7,35,35,0,EQUAL,10,0,10,0,0,0
v93-u1-e1-t07-c46a267aff7e,0.4,1,RECURSIVE_CARRY_IN,8,8,40,40,0,EQUAL,10,0,10,0,0,0
v93-u1-e1-t07-c46a267aff7e,0.4,1,RECURSIVE_CARRY_IN,9,9,62,62,0,EQUAL,10,0,10,0,0,0
v93-u1-e1-t08-830e97821624,0.4,1,DEADLINE_CARRY_IN,0,0,8,8,0,EQUAL,10,0,10,0,0,0
v93-u1-e1-t08-830e97821624,0.4,1,DEADLINE_CARRY_IN,1,1,15,15,0,EQUAL,10,0,10,0,0,0
v93-u1-e1-t08-830e97821624,0.4,1,DEADLINE_CARRY_IN,2,2,12,12,0,EQUAL,10,0,10,0,0,0
v93-u1-e1-t08-830e97821624,0.4,1,DEADLINE_CARRY_IN,3,3,15,15,0,EQUAL,10,0,10,0,0,0
v93-u1-e1-t08-830e97821624,0.4,1,DEADLINE_CARRY_IN,4,4,20,20,0,EQUAL,10,0,10,0,0,0
v93-u1-e1-t08-830e97821624,0.4,1,DEADLINE_CARRY_IN,5,5,45,45,0,EQUAL,10,0,10,0,0,0
v93-u1-e1-t08-830e97821624,0.4,1,DEADLINE_CARRY_IN,6,6,54,54,0,EQUAL,10,0,10,0,0,0
v93-u1-e1-t08-830e97821624,0.4,1,DEADLINE_CARRY_IN,7,7,53,53,0,EQUAL,10,0,10,0,0,0
v93-u1-e1-t08-830e97821624,0.4,1,DEADLINE_CARRY_IN,8,8,91,91,0,EQUAL,10,0,10,0,0,0
v93-u1-e1-t08-830e97821624,0.4,1,DEADLINE_CARRY_IN,9,9,122,122,0,EQUAL,10,0,10,0,0,0
v93-u1-e1-t08-830e97821624,0.4,1,FIXED_CW_CARRY_IN,0,0,8,8,0,EQUAL,10,0,10,0,0,0
v93-u1-e1-t08-830e97821624,0.4,1,FIXED_CW_CARRY_IN,1,1,15,15,0,EQUAL,10,0,10,0,0,0
v93-u1-e1-t08-830e97821624,0.4,1,FIXED_CW_CARRY_IN,2,2,12,12,0,EQUAL,10,0,10,0,0,0
v93-u1-e1-t08-830e97821624,0.4,1,FIXED_CW_CARRY_IN,3,3,15,15,0,EQUAL,10,0,10,0,0,0
v93-u1-e1-t08-830e97821624,0.4,1,FIXED_CW_CARRY_IN,4,4,12,12,0,EQUAL,10,0,10,0,0,0
v93-u1-e1-t08-830e97821624,0.4,1,FIXED_CW_CARRY_IN,5,5,33,33,0,EQUAL,10,0,10,0,0,0
v93-u1-e1-t08-830e97821624,0.4,1,FIXED_CW_CARRY_IN,6,6,36,36,0,EQUAL,10,0,10,0,0,0
v93-u1-e1-t08-830e97821624,0.4,1,FIXED_CW_CARRY_IN,7,7,30,30,0,EQUAL,10,0,10,0,0,0
v93-u1-e1-t08-830e97821624,0.4,1,FIXED_CW_CARRY_IN,8,8,60,60,0,EQUAL,10,0,10,0,0,0
v93-u1-e1-t08-830e97821624,0.4,1,FIXED_CW_CARRY_IN,9,9,82,82,0,EQUAL,10,0,10,0,0,0
v93-u1-e1-t08-830e97821624,0.4,1,RECURSIVE_CARRY_IN,0,0,8,8,0,EQUAL,10,0,10,0,0,0
v93-u1-e1-t08-830e97821624,0.4,1,RECURSIVE_CARRY_IN,1,1,15,15,0,EQUAL,10,0,10,0,0,0
v93-u1-e1-t08-830e97821624,0.4,1,RECURSIVE_CARRY_IN,2,2,12,12,0,EQUAL,10,0,10,0,0,0
v93-u1-e1-t08-830e97821624,0.4,1,RECURSIVE_CARRY_IN,3,3,15,15,0,EQUAL,10,0,10,0,0,0
v93-u1-e1-t08-830e97821624,0.4,1,RECURSIVE_CARRY_IN,4,4,12,12,0,EQUAL,10,0,10,0,0,0
v93-u1-e1-t08-830e97821624,0.4,1,RECURSIVE_CARRY_IN,5,5,33,33,0,EQUAL,10,0,10,0,0,0
v93-u1-e1-t08-830e97821624,0.4,1,RECURSIVE_CARRY_IN,6,6,36,36,0,EQUAL,10,0,10,0,0,0
v93-u1-e1-t08-830e97821624,0.4,1,RECURSIVE_CARRY_IN,7,7,30,30,0,EQUAL,10,0,10,0,0,0
v93-u1-e1-t08-830e97821624,0.4,1,RECURSIVE_CARRY_IN,8,8,60,60,0,EQUAL,10,0,10,0,0,0
v93-u1-e1-t08-830e97821624,0.4,1,RECURSIVE_CARRY_IN,9,9,82,82,0,EQUAL,10,0,10,0,0,0
v93-u1-e1-t09-bf6a60203dd1,0.4,1,DEADLINE_CARRY_IN,0,0,3,3,0,EQUAL,10,0,10,0,0,0
v93-u1-e1-t09-bf6a60203dd1,0.4,1,DEADLINE_CARRY_IN,1,1,6,6,0,EQUAL,10,0,10,0,0,0
v93-u1-e1-t09-bf6a60203dd1,0.4,1,DEADLINE_CARRY_IN,2,2,55,55,0,EQUAL,10,0,10,0,0,0
v93-u1-e1-t09-bf6a60203dd1,0.4,1,DEADLINE_CARRY_IN,3,3,26,26,0,EQUAL,10,0,10,0,0,0
v93-u1-e1-t09-bf6a60203dd1,0.4,1,DEADLINE_CARRY_IN,4,4,22,22,0,EQUAL,10,0,10,0,0,0
v93-u1-e1-t09-bf6a60203dd1,0.4,1,DEADLINE_CARRY_IN,5,5,52,52,0,EQUAL,10,0,10,0,0,0
v93-u1-e1-t09-bf6a60203dd1,0.4,1,DEADLINE_CARRY_IN,6,6,63,63,0,EQUAL,10,0,10,0,0,0
v93-u1-e1-t09-bf6a60203dd1,0.4,1,DEADLINE_CARRY_IN,7,7,72,72,0,EQUAL,10,0,10,0,0,0
v93-u1-e1-t09-bf6a60203dd1,0.4,1,DEADLINE_CARRY_IN,8,8,74,74,0,EQUAL,10,0,10,0,0,0
v93-u1-e1-t09-bf6a60203dd1,0.4,1,DEADLINE_CARRY_IN,9,9,76,76,0,EQUAL,10,0,10,0,0,0
v93-u1-e1-t09-bf6a60203dd1,0.4,1,FIXED_CW_CARRY_IN,0,0,3,3,0,EQUAL,10,0,10,0,0,0
v93-u1-e1-t09-bf6a60203dd1,0.4,1,FIXED_CW_CARRY_IN,1,1,6,6,0,EQUAL,10,0,10,0,0,0
v93-u1-e1-t09-bf6a60203dd1,0.4,1,FIXED_CW_CARRY_IN,2,2,55,55,0,EQUAL,10,0,10,0,0,0
v93-u1-e1-t09-bf6a60203dd1,0.4,1,FIXED_CW_CARRY_IN,3,3,26,26,0,EQUAL,10,0,10,0,0,0
v93-u1-e1-t09-bf6a60203dd1,0.4,1,FIXED_CW_CARRY_IN,4,4,19,19,0,EQUAL,10,0,10,0,0,0
v93-u1-e1-t09-bf6a60203dd1,0.4,1,FIXED_CW_CARRY_IN,5,5,40,40,0,EQUAL,10,0,10,0,0,0
v93-u1-e1-t09-bf6a60203dd1,0.4,1,FIXED_CW_CARRY_IN,6,6,33,33,0,EQUAL,10,0,10,0,0,0
v93-u1-e1-t09-bf6a60203dd1,0.4,1,FIXED_CW_CARRY_IN,7,7,38,38,0,EQUAL,10,0,10,0,0,0
v93-u1-e1-t09-bf6a60203dd1,0.4,1,FIXED_CW_CARRY_IN,8,8,38,38,0,EQUAL,10,0,10,0,0,0
v93-u1-e1-t09-bf6a60203dd1,0.4,1,FIXED_CW_CARRY_IN,9,9,38,38,0,EQUAL,10,0,10,0,0,0
v93-u1-e1-t09-bf6a60203dd1,0.4,1,RECURSIVE_CARRY_IN,0,0,3,3,0,EQUAL,10,0,10,0,0,0
v93-u1-e1-t09-bf6a60203dd1,0.4,1,RECURSIVE_CARRY_IN,1,1,6,6,0,EQUAL,10,0,10,0,0,0
v93-u1-e1-t09-bf6a60203dd1,0.4,1,RECURSIVE_CARRY_IN,2,2,55,55,0,EQUAL,10,0,10,0,0,0
v93-u1-e1-t09-bf6a60203dd1,0.4,1,RECURSIVE_CARRY_IN,3,3,26,26,0,EQUAL,10,0,10,0,0,0
v93-u1-e1-t09-bf6a60203dd1,0.4,1,RECURSIVE_CARRY_IN,4,4,19,19,0,EQUAL,10,0,10,0,0,0
v93-u1-e1-t09-bf6a60203dd1,0.4,1,RECURSIVE_CARRY_IN,5,5,40,40,0,EQUAL,10,0,10,0,0,0
v93-u1-e1-t09-bf6a60203dd1,0.4,1,RECURSIVE_CARRY_IN,6,6,33,33,0,EQUAL,10,0,10,0,0,0
v93-u1-e1-t09-bf6a60203dd1,0.4,1,RECURSIVE_CARRY_IN,7,7,38,38,0,EQUAL,10,0,10,0,0,0
v93-u1-e1-t09-bf6a60203dd1,0.4,1,RECURSIVE_CARRY_IN,8,8,38,38,0,EQUAL,10,0,10,0,0,0
v93-u1-e1-t09-bf6a60203dd1,0.4,1,RECURSIVE_CARRY_IN,9,9,38,38,0,EQUAL,10,0,10,0,0,0
v93-u2-e0-t00-0ca4013c06cb,0.6,0,DEADLINE_CARRY_IN,,,,,,NOT_APPLICABLE,0,0,0,0,,
v93-u2-e0-t00-0ca4013c06cb,0.6,0,FIXED_CW_CARRY_IN,,,,,,NOT_APPLICABLE,0,0,0,0,,
v93-u2-e0-t00-0ca4013c06cb,0.6,0,RECURSIVE_CARRY_IN,,,,,,NOT_APPLICABLE,0,0,0,0,,
v93-u2-e0-t01-8a0abf846560,0.6,0,DEADLINE_CARRY_IN,,,,,,NOT_APPLICABLE,0,0,0,0,,
v93-u2-e0-t01-8a0abf846560,0.6,0,FIXED_CW_CARRY_IN,,,,,,NOT_APPLICABLE,0,0,0,0,,
v93-u2-e0-t01-8a0abf846560,0.6,0,RECURSIVE_CARRY_IN,,,,,,NOT_APPLICABLE,0,0,0,0,,
v93-u2-e0-t02-0ab632d93a24,0.6,0,DEADLINE_CARRY_IN,,,,,,NOT_APPLICABLE,0,0,0,0,,
v93-u2-e0-t02-0ab632d93a24,0.6,0,FIXED_CW_CARRY_IN,,,,,,NOT_APPLICABLE,0,0,0,0,,
v93-u2-e0-t02-0ab632d93a24,0.6,0,RECURSIVE_CARRY_IN,,,,,,NOT_APPLICABLE,0,0,0,0,,
v93-u2-e0-t03-2cd6bf38070d,0.6,0,DEADLINE_CARRY_IN,,,,,,NOT_APPLICABLE,0,0,0,0,,
v93-u2-e0-t03-2cd6bf38070d,0.6,0,FIXED_CW_CARRY_IN,,,,,,NOT_APPLICABLE,0,0,0,0,,
v93-u2-e0-t03-2cd6bf38070d,0.6,0,RECURSIVE_CARRY_IN,,,,,,NOT_APPLICABLE,0,0,0,0,,
v93-u2-e0-t04-2df71425ded4,0.6,0,DEADLINE_CARRY_IN,,,,,,NOT_APPLICABLE,0,0,0,0,,
v93-u2-e0-t04-2df71425ded4,0.6,0,FIXED_CW_CARRY_IN,,,,,,NOT_APPLICABLE,0,0,0,0,,
v93-u2-e0-t04-2df71425ded4,0.6,0,RECURSIVE_CARRY_IN,,,,,,NOT_APPLICABLE,0,0,0,0,,
v93-u2-e0-t05-848cd519285d,0.6,0,DEADLINE_CARRY_IN,,,,,,NOT_APPLICABLE,0,0,0,0,,
v93-u2-e0-t05-848cd519285d,0.6,0,FIXED_CW_CARRY_IN,,,,,,NOT_APPLICABLE,0,0,0,0,,
v93-u2-e0-t05-848cd519285d,0.6,0,RECURSIVE_CARRY_IN,,,,,,NOT_APPLICABLE,0,0,0,0,,
v93-u2-e0-t06-05cd2ffe43cd,0.6,0,DEADLINE_CARRY_IN,,,,,,NOT_APPLICABLE,0,0,0,0,,
v93-u2-e0-t06-05cd2ffe43cd,0.6,0,FIXED_CW_CARRY_IN,,,,,,NOT_APPLICABLE,0,0,0,0,,
v93-u2-e0-t06-05cd2ffe43cd,0.6,0,RECURSIVE_CARRY_IN,,,,,,NOT_APPLICABLE,0,0,0,0,,
v93-u2-e0-t07-42029532ea37,0.6,0,DEADLINE_CARRY_IN,,,,,,NOT_APPLICABLE,0,0,0,0,,
v93-u2-e0-t07-42029532ea37,0.6,0,FIXED_CW_CARRY_IN,,,,,,NOT_APPLICABLE,0,0,0,0,,
v93-u2-e0-t07-42029532ea37,0.6,0,RECURSIVE_CARRY_IN,,,,,,NOT_APPLICABLE,0,0,0,0,,
v93-u2-e0-t08-0e62c8670e52,0.6,0,DEADLINE_CARRY_IN,,,,,,NOT_APPLICABLE,0,0,0,0,,
v93-u2-e0-t08-0e62c8670e52,0.6,0,FIXED_CW_CARRY_IN,,,,,,NOT_APPLICABLE,0,0,0,0,,
v93-u2-e0-t08-0e62c8670e52,0.6,0,RECURSIVE_CARRY_IN,,,,,,NOT_APPLICABLE,0,0,0,0,,
v93-u2-e0-t09-e09a27db06a2,0.6,0,DEADLINE_CARRY_IN,,,,,,NOT_APPLICABLE,0,0,0,0,,
v93-u2-e0-t09-e09a27db06a2,0.6,0,FIXED_CW_CARRY_IN,,,,,,NOT_APPLICABLE,0,0,0,0,,
v93-u2-e0-t09-e09a27db06a2,0.6,0,RECURSIVE_CARRY_IN,,,,,,NOT_APPLICABLE,0,0,0,0,,
v93-u2-e1-t00-0dbe5034b87f,0.6,1,DEADLINE_CARRY_IN,0,0,35,35,0,EQUAL,7,0,7,0,0,0
v93-u2-e1-t00-0dbe5034b87f,0.6,1,DEADLINE_CARRY_IN,1,1,6,6,0,EQUAL,7,0,7,0,0,0
v93-u2-e1-t00-0dbe5034b87f,0.6,1,DEADLINE_CARRY_IN,2,2,25,25,0,EQUAL,7,0,7,0,0,0
v93-u2-e1-t00-0dbe5034b87f,0.6,1,DEADLINE_CARRY_IN,3,3,7,7,0,EQUAL,7,0,7,0,0,0
v93-u2-e1-t00-0dbe5034b87f,0.6,1,DEADLINE_CARRY_IN,4,4,13,13,0,EQUAL,7,0,7,0,0,0
v93-u2-e1-t00-0dbe5034b87f,0.6,1,DEADLINE_CARRY_IN,5,5,19,19,0,EQUAL,7,0,7,0,0,0
v93-u2-e1-t00-0dbe5034b87f,0.6,1,DEADLINE_CARRY_IN,6,6,63,63,0,EQUAL,7,0,7,0,0,0
v93-u2-e1-t00-0dbe5034b87f,0.6,1,FIXED_CW_CARRY_IN,,,,,,NOT_APPLICABLE,0,0,0,0,,
v93-u2-e1-t00-0dbe5034b87f,0.6,1,RECURSIVE_CARRY_IN,0,0,35,35,0,EQUAL,9,0,9,0,0,0
v93-u2-e1-t00-0dbe5034b87f,0.6,1,RECURSIVE_CARRY_IN,1,1,6,6,0,EQUAL,9,0,9,0,0,0
v93-u2-e1-t00-0dbe5034b87f,0.6,1,RECURSIVE_CARRY_IN,2,2,25,25,0,EQUAL,9,0,9,0,0,0
v93-u2-e1-t00-0dbe5034b87f,0.6,1,RECURSIVE_CARRY_IN,3,3,7,7,0,EQUAL,9,0,9,0,0,0
v93-u2-e1-t00-0dbe5034b87f,0.6,1,RECURSIVE_CARRY_IN,4,4,7,7,0,EQUAL,9,0,9,0,0,0
v93-u2-e1-t00-0dbe5034b87f,0.6,1,RECURSIVE_CARRY_IN,5,5,12,12,0,EQUAL,9,0,9,0,0,0
v93-u2-e1-t00-0dbe5034b87f,0.6,1,RECURSIVE_CARRY_IN,6,6,53,53,0,EQUAL,9,0,9,0,0,0
v93-u2-e1-t00-0dbe5034b87f,0.6,1,RECURSIVE_CARRY_IN,7,7,88,88,0,EQUAL,9,0,9,0,0,0
v93-u2-e1-t00-0dbe5034b87f,0.6,1,RECURSIVE_CARRY_IN,8,8,50,50,0,EQUAL,9,0,9,0,0,0
v93-u2-e1-t01-6697f33949cc,0.6,1,DEADLINE_CARRY_IN,0,0,28,28,0,EQUAL,8,0,8,0,0,0
v93-u2-e1-t01-6697f33949cc,0.6,1,DEADLINE_CARRY_IN,1,1,11,11,0,EQUAL,8,0,8,0,0,0
v93-u2-e1-t01-6697f33949cc,0.6,1,DEADLINE_CARRY_IN,2,2,28,28,0,EQUAL,8,0,8,0,0,0
v93-u2-e1-t01-6697f33949cc,0.6,1,DEADLINE_CARRY_IN,3,3,60,60,0,EQUAL,8,0,8,0,0,0
v93-u2-e1-t01-6697f33949cc,0.6,1,DEADLINE_CARRY_IN,4,4,51,51,0,EQUAL,8,0,8,0,0,0
v93-u2-e1-t01-6697f33949cc,0.6,1,DEADLINE_CARRY_IN,5,5,65,65,0,EQUAL,8,0,8,0,0,0
v93-u2-e1-t01-6697f33949cc,0.6,1,DEADLINE_CARRY_IN,6,6,68,68,0,EQUAL,8,0,8,0,0,0
v93-u2-e1-t01-6697f33949cc,0.6,1,DEADLINE_CARRY_IN,7,7,79,79,0,EQUAL,8,0,8,0,0,0
v93-u2-e1-t01-6697f33949cc,0.6,1,FIXED_CW_CARRY_IN,0,0,28,28,0,EQUAL,10,0,10,0,0,0
v93-u2-e1-t01-6697f33949cc,0.6,1,FIXED_CW_CARRY_IN,1,1,11,11,0,EQUAL,10,0,10,0,0,0
v93-u2-e1-t01-6697f33949cc,0.6,1,FIXED_CW_CARRY_IN,2,2,28,28,0,EQUAL,10,0,10,0,0,0
v93-u2-e1-t01-6697f33949cc,0.6,1,FIXED_CW_CARRY_IN,3,3,60,60,0,EQUAL,10,0,10,0,0,0
v93-u2-e1-t01-6697f33949cc,0.6,1,FIXED_CW_CARRY_IN,4,4,40,40,0,EQUAL,10,0,10,0,0,0
v93-u2-e1-t01-6697f33949cc,0.6,1,FIXED_CW_CARRY_IN,5,5,33,33,0,EQUAL,10,0,10,0,0,0
v93-u2-e1-t01-6697f33949cc,0.6,1,FIXED_CW_CARRY_IN,6,6,36,36,0,EQUAL,10,0,10,0,0,0
v93-u2-e1-t01-6697f33949cc,0.6,1,FIXED_CW_CARRY_IN,7,7,45,45,0,EQUAL,10,0,10,0,0,0
v93-u2-e1-t01-6697f33949cc,0.6,1,FIXED_CW_CARRY_IN,8,8,109,109,0,EQUAL,10,0,10,0,0,0
v93-u2-e1-t01-6697f33949cc,0.6,1,FIXED_CW_CARRY_IN,9,9,54,54,0,EQUAL,10,0,10,0,0,0
v93-u2-e1-t01-6697f33949cc,0.6,1,RECURSIVE_CARRY_IN,0,0,28,28,0,EQUAL,10,0,10,0,0,0
v93-u2-e1-t01-6697f33949cc,0.6,1,RECURSIVE_CARRY_IN,1,1,11,11,0,EQUAL,10,0,10,0,0,0
v93-u2-e1-t01-6697f33949cc,0.6,1,RECURSIVE_CARRY_IN,2,2,28,28,0,EQUAL,10,0,10,0,0,0
v93-u2-e1-t01-6697f33949cc,0.6,1,RECURSIVE_CARRY_IN,3,3,60,60,0,EQUAL,10,0,10,0,0,0
v93-u2-e1-t01-6697f33949cc,0.6,1,RECURSIVE_CARRY_IN,4,4,40,40,0,EQUAL,10,0,10,0,0,0
v93-u2-e1-t01-6697f33949cc,0.6,1,RECURSIVE_CARRY_IN,5,5,33,33,0,EQUAL,10,0,10,0,0,0
v93-u2-e1-t01-6697f33949cc,0.6,1,RECURSIVE_CARRY_IN,6,6,36,36,0,EQUAL,10,0,10,0,0,0
v93-u2-e1-t01-6697f33949cc,0.6,1,RECURSIVE_CARRY_IN,7,7,45,45,0,EQUAL,10,0,10,0,0,0
v93-u2-e1-t01-6697f33949cc,0.6,1,RECURSIVE_CARRY_IN,8,8,109,109,0,EQUAL,10,0,10,0,0,0
v93-u2-e1-t01-6697f33949cc,0.6,1,RECURSIVE_CARRY_IN,9,9,54,54,0,EQUAL,10,0,10,0,0,0
v93-u2-e1-t02-469bf33097c0,0.6,1,DEADLINE_CARRY_IN,0,0,17,17,0,EQUAL,9,0,9,0,0,0
v93-u2-e1-t02-469bf33097c0,0.6,1,DEADLINE_CARRY_IN,1,1,29,29,0,EQUAL,9,0,9,0,0,0
v93-u2-e1-t02-469bf33097c0,0.6,1,DEADLINE_CARRY_IN,2,2,9,9,0,EQUAL,9,0,9,0,0,0
v93-u2-e1-t02-469bf33097c0,0.6,1,DEADLINE_CARRY_IN,3,3,11,11,0,EQUAL,9,0,9,0,0,0
v93-u2-e1-t02-469bf33097c0,0.6,1,DEADLINE_CARRY_IN,4,4,42,42,0,EQUAL,9,0,9,0,0,0
v93-u2-e1-t02-469bf33097c0,0.6,1,DEADLINE_CARRY_IN,5,5,38,38,0,EQUAL,9,0,9,0,0,0
v93-u2-e1-t02-469bf33097c0,0.6,1,DEADLINE_CARRY_IN,6,6,57,57,0,EQUAL,9,0,9,0,0,0
v93-u2-e1-t02-469bf33097c0,0.6,1,DEADLINE_CARRY_IN,7,7,80,80,0,EQUAL,9,0,9,0,0,0
v93-u2-e1-t02-469bf33097c0,0.6,1,DEADLINE_CARRY_IN,8,8,74,74,0,EQUAL,9,0,9,0,0,0
v93-u2-e1-t02-469bf33097c0,0.6,1,FIXED_CW_CARRY_IN,0,0,17,17,0,EQUAL,10,0,10,0,0,0
v93-u2-e1-t02-469bf33097c0,0.6,1,FIXED_CW_CARRY_IN,1,1,29,29,0,EQUAL,10,0,10,0,0,0
v93-u2-e1-t02-469bf33097c0,0.6,1,FIXED_CW_CARRY_IN,2,2,9,9,0,EQUAL,10,0,10,0,0,0
v93-u2-e1-t02-469bf33097c0,0.6,1,FIXED_CW_CARRY_IN,3,3,11,11,0,EQUAL,10,0,10,0,0,0
v93-u2-e1-t02-469bf33097c0,0.6,1,FIXED_CW_CARRY_IN,4,4,33,33,0,EQUAL,10,0,10,0,0,0
v93-u2-e1-t02-469bf33097c0,0.6,1,FIXED_CW_CARRY_IN,5,5,19,19,0,EQUAL,10,0,10,0,0,0
v93-u2-e1-t02-469bf33097c0,0.6,1,FIXED_CW_CARRY_IN,6,6,38,38,0,EQUAL,10,0,10,0,0,0
v93-u2-e1-t02-469bf33097c0,0.6,1,FIXED_CW_CARRY_IN,7,7,43,43,0,EQUAL,10,0,10,0,0,0
v93-u2-e1-t02-469bf33097c0,0.6,1,FIXED_CW_CARRY_IN,8,8,36,36,0,EQUAL,10,0,10,0,0,0
v93-u2-e1-t02-469bf33097c0,0.6,1,FIXED_CW_CARRY_IN,9,9,166,166,0,EQUAL,10,0,10,0,0,0
v93-u2-e1-t02-469bf33097c0,0.6,1,RECURSIVE_CARRY_IN,0,0,17,17,0,EQUAL,10,0,10,0,0,0
v93-u2-e1-t02-469bf33097c0,0.6,1,RECURSIVE_CARRY_IN,1,1,29,29,0,EQUAL,10,0,10,0,0,0
v93-u2-e1-t02-469bf33097c0,0.6,1,RECURSIVE_CARRY_IN,2,2,9,9,0,EQUAL,10,0,10,0,0,0
v93-u2-e1-t02-469bf33097c0,0.6,1,RECURSIVE_CARRY_IN,3,3,11,11,0,EQUAL,10,0,10,0,0,0
v93-u2-e1-t02-469bf33097c0,0.6,1,RECURSIVE_CARRY_IN,4,4,33,33,0,EQUAL,10,0,10,0,0,0
v93-u2-e1-t02-469bf33097c0,0.6,1,RECURSIVE_CARRY_IN,5,5,19,19,0,EQUAL,10,0,10,0,0,0
v93-u2-e1-t02-469bf33097c0,0.6,1,RECURSIVE_CARRY_IN,6,6,38,38,0,EQUAL,10,0,10,0,0,0
v93-u2-e1-t02-469bf33097c0,0.6,1,RECURSIVE_CARRY_IN,7,7,43,43,0,EQUAL,10,0,10,0,0,0
v93-u2-e1-t02-469bf33097c0,0.6,1,RECURSIVE_CARRY_IN,8,8,36,36,0,EQUAL,10,0,10,0,0,0
v93-u2-e1-t02-469bf33097c0,0.6,1,RECURSIVE_CARRY_IN,9,9,166,166,0,EQUAL,10,0,10,0,0,0
v93-u2-e1-t03-d280354cc2e9,0.6,1,DEADLINE_CARRY_IN,0,0,17,17,0,EQUAL,5,0,5,0,0,0
v93-u2-e1-t03-d280354cc2e9,0.6,1,DEADLINE_CARRY_IN,1,1,10,10,0,EQUAL,5,0,5,0,0,0
v93-u2-e1-t03-d280354cc2e9,0.6,1,DEADLINE_CARRY_IN,2,2,24,24,0,EQUAL,5,0,5,0,0,0
v93-u2-e1-t03-d280354cc2e9,0.6,1,DEADLINE_CARRY_IN,3,3,37,37,0,EQUAL,5,0,5,0,0,0
v93-u2-e1-t03-d280354cc2e9,0.6,1,DEADLINE_CARRY_IN,4,4,47,47,0,EQUAL,5,0,5,0,0,0
v93-u2-e1-t03-d280354cc2e9,0.6,1,FIXED_CW_CARRY_IN,,,,,,NOT_APPLICABLE,0,0,0,0,,
v93-u2-e1-t03-d280354cc2e9,0.6,1,RECURSIVE_CARRY_IN,0,0,17,17,0,EQUAL,8,0,8,0,0,0
v93-u2-e1-t03-d280354cc2e9,0.6,1,RECURSIVE_CARRY_IN,1,1,10,10,0,EQUAL,8,0,8,0,0,0
v93-u2-e1-t03-d280354cc2e9,0.6,1,RECURSIVE_CARRY_IN,2,2,24,24,0,EQUAL,8,0,8,0,0,0
v93-u2-e1-t03-d280354cc2e9,0.6,1,RECURSIVE_CARRY_IN,3,3,37,37,0,EQUAL,8,0,8,0,0,0
v93-u2-e1-t03-d280354cc2e9,0.6,1,RECURSIVE_CARRY_IN,4,4,37,37,0,EQUAL,8,0,8,0,0,0
v93-u2-e1-t03-d280354cc2e9,0.6,1,RECURSIVE_CARRY_IN,5,5,73,73,0,EQUAL,8,0,8,0,0,0
v93-u2-e1-t03-d280354cc2e9,0.6,1,RECURSIVE_CARRY_IN,6,6,41,41,0,EQUAL,8,0,8,0,0,0
v93-u2-e1-t03-d280354cc2e9,0.6,1,RECURSIVE_CARRY_IN,7,7,56,56,0,EQUAL,8,0,8,0,0,0
v93-u2-e1-t04-23bfb5baae6d,0.6,1,DEADLINE_CARRY_IN,0,0,6,6,0,EQUAL,7,0,7,0,0,0
v93-u2-e1-t04-23bfb5baae6d,0.6,1,DEADLINE_CARRY_IN,1,1,4,4,0,EQUAL,7,0,7,0,0,0
v93-u2-e1-t04-23bfb5baae6d,0.6,1,DEADLINE_CARRY_IN,2,2,9,9,0,EQUAL,7,0,7,0,0,0
v93-u2-e1-t04-23bfb5baae6d,0.6,1,DEADLINE_CARRY_IN,3,3,12,12,0,EQUAL,7,0,7,0,0,0
v93-u2-e1-t04-23bfb5baae6d,0.6,1,DEADLINE_CARRY_IN,4,4,36,36,0,EQUAL,7,0,7,0,0,0
v93-u2-e1-t04-23bfb5baae6d,0.6,1,DEADLINE_CARRY_IN,5,5,21,21,0,EQUAL,7,0,7,0,0,0
v93-u2-e1-t04-23bfb5baae6d,0.6,1,DEADLINE_CARRY_IN,6,6,72,72,0,EQUAL,7,0,7,0,0,0
v93-u2-e1-t04-23bfb5baae6d,0.6,1,FIXED_CW_CARRY_IN,,,,,,NOT_APPLICABLE,0,0,0,0,,
v93-u2-e1-t04-23bfb5baae6d,0.6,1,RECURSIVE_CARRY_IN,0,0,6,6,0,EQUAL,8,0,8,0,0,0
v93-u2-e1-t04-23bfb5baae6d,0.6,1,RECURSIVE_CARRY_IN,1,1,4,4,0,EQUAL,8,0,8,0,0,0
v93-u2-e1-t04-23bfb5baae6d,0.6,1,RECURSIVE_CARRY_IN,2,2,9,9,0,EQUAL,8,0,8,0,0,0
v93-u2-e1-t04-23bfb5baae6d,0.6,1,RECURSIVE_CARRY_IN,3,3,12,12,0,EQUAL,8,0,8,0,0,0
v93-u2-e1-t04-23bfb5baae6d,0.6,1,RECURSIVE_CARRY_IN,4,4,32,32,0,EQUAL,8,0,8,0,0,0
v93-u2-e1-t04-23bfb5baae6d,0.6,1,RECURSIVE_CARRY_IN,5,5,11,11,0,EQUAL,8,0,8,0,0,0
v93-u2-e1-t04-23bfb5baae6d,0.6,1,RECURSIVE_CARRY_IN,6,6,62,62,0,EQUAL,8,0,8,0,0,0
v93-u2-e1-t04-23bfb5baae6d,0.6,1,RECURSIVE_CARRY_IN,7,7,80,80,0,EQUAL,8,0,8,0,0,0
v93-u2-e1-t05-dc67e79d415a,0.6,1,DEADLINE_CARRY_IN,0,0,3,3,0,EQUAL,7,0,7,0,0,0
v93-u2-e1-t05-dc67e79d415a,0.6,1,DEADLINE_CARRY_IN,1,1,44,44,0,EQUAL,7,0,7,0,0,0
v93-u2-e1-t05-dc67e79d415a,0.6,1,DEADLINE_CARRY_IN,2,2,48,48,0,EQUAL,7,0,7,0,0,0
v93-u2-e1-t05-dc67e79d415a,0.6,1,DEADLINE_CARRY_IN,3,3,18,18,0,EQUAL,7,0,7,0,0,0
v93-u2-e1-t05-dc67e79d415a,0.6,1,DEADLINE_CARRY_IN,4,4,13,13,0,EQUAL,7,0,7,0,0,0
v93-u2-e1-t05-dc67e79d415a,0.6,1,DEADLINE_CARRY_IN,5,5,47,47,0,EQUAL,7,0,7,0,0,0
v93-u2-e1-t05-dc67e79d415a,0.6,1,DEADLINE_CARRY_IN,6,6,90,90,0,EQUAL,7,0,7,0,0,0
v93-u2-e1-t05-dc67e79d415a,0.6,1,FIXED_CW_CARRY_IN,,,,,,NOT_APPLICABLE,0,0,0,0,,
v93-u2-e1-t05-dc67e79d415a,0.6,1,RECURSIVE_CARRY_IN,0,0,3,3,0,EQUAL,7,0,7,0,0,0
v93-u2-e1-t05-dc67e79d415a,0.6,1,RECURSIVE_CARRY_IN,1,1,44,44,0,EQUAL,7,0,7,0,0,0
v93-u2-e1-t05-dc67e79d415a,0.6,1,RECURSIVE_CARRY_IN,2,2,48,48,0,EQUAL,7,0,7,0,0,0
v93-u2-e1-t05-dc67e79d415a,0.6,1,RECURSIVE_CARRY_IN,3,3,18,18,0,EQUAL,7,0,7,0,0,0
v93-u2-e1-t05-dc67e79d415a,0.6,1,RECURSIVE_CARRY_IN,4,4,10,10,0,EQUAL,7,0,7,0,0,0
v93-u2-e1-t05-dc67e79d415a,0.6,1,RECURSIVE_CARRY_IN,5,5,37,37,0,EQUAL,7,0,7,0,0,0
v93-u2-e1-t05-dc67e79d415a,0.6,1,RECURSIVE_CARRY_IN,6,6,63,63,0,EQUAL,7,0,7,0,0,0
v93-u2-e1-t06-74861e481f42,0.6,1,DEADLINE_CARRY_IN,0,0,22,22,0,EQUAL,10,0,10,0,0,0
v93-u2-e1-t06-74861e481f42,0.6,1,DEADLINE_CARRY_IN,1,1,1,1,0,EQUAL,10,0,10,0,0,0
v93-u2-e1-t06-74861e481f42,0.6,1,DEADLINE_CARRY_IN,2,2,30,30,0,EQUAL,10,0,10,0,0,0
v93-u2-e1-t06-74861e481f42,0.6,1,DEADLINE_CARRY_IN,3,3,33,33,0,EQUAL,10,0,10,0,0,0
v93-u2-e1-t06-74861e481f42,0.6,1,DEADLINE_CARRY_IN,4,4,8,8,0,EQUAL,10,0,10,0,0,0
v93-u2-e1-t06-74861e481f42,0.6,1,DEADLINE_CARRY_IN,5,5,77,77,0,EQUAL,10,0,10,0,0,0
v93-u2-e1-t06-74861e481f42,0.6,1,DEADLINE_CARRY_IN,6,6,74,74,0,EQUAL,10,0,10,0,0,0
v93-u2-e1-t06-74861e481f42,0.6,1,DEADLINE_CARRY_IN,7,7,88,88,0,EQUAL,10,0,10,0,0,0
v93-u2-e1-t06-74861e481f42,0.6,1,DEADLINE_CARRY_IN,8,8,103,103,0,EQUAL,10,0,10,0,0,0
v93-u2-e1-t06-74861e481f42,0.6,1,DEADLINE_CARRY_IN,9,9,167,167,0,EQUAL,10,0,10,0,0,0
v93-u2-e1-t06-74861e481f42,0.6,1,FIXED_CW_CARRY_IN,0,0,22,22,0,EQUAL,10,0,10,0,0,0
v93-u2-e1-t06-74861e481f42,0.6,1,FIXED_CW_CARRY_IN,1,1,1,1,0,EQUAL,10,0,10,0,0,0
v93-u2-e1-t06-74861e481f42,0.6,1,FIXED_CW_CARRY_IN,2,2,30,30,0,EQUAL,10,0,10,0,0,0
v93-u2-e1-t06-74861e481f42,0.6,1,FIXED_CW_CARRY_IN,3,3,33,33,0,EQUAL,10,0,10,0,0,0
v93-u2-e1-t06-74861e481f42,0.6,1,FIXED_CW_CARRY_IN,4,4,7,7,0,EQUAL,10,0,10,0,0,0
v93-u2-e1-t06-74861e481f42,0.6,1,FIXED_CW_CARRY_IN,5,5,70,70,0,EQUAL,10,0,10,0,0,0
v93-u2-e1-t06-74861e481f42,0.6,1,FIXED_CW_CARRY_IN,6,6,39,39,0,EQUAL,10,0,10,0,0,0
v93-u2-e1-t06-74861e481f42,0.6,1,FIXED_CW_CARRY_IN,7,7,49,49,0,EQUAL,10,0,10,0,0,0
v93-u2-e1-t06-74861e481f42,0.6,1,FIXED_CW_CARRY_IN,8,8,60,60,0,EQUAL,10,0,10,0,0,0
v93-u2-e1-t06-74861e481f42,0.6,1,FIXED_CW_CARRY_IN,9,9,110,110,0,EQUAL,10,0,10,0,0,0
v93-u2-e1-t06-74861e481f42,0.6,1,RECURSIVE_CARRY_IN,0,0,22,22,0,EQUAL,10,0,10,0,0,0
v93-u2-e1-t06-74861e481f42,0.6,1,RECURSIVE_CARRY_IN,1,1,1,1,0,EQUAL,10,0,10,0,0,0
v93-u2-e1-t06-74861e481f42,0.6,1,RECURSIVE_CARRY_IN,2,2,30,30,0,EQUAL,10,0,10,0,0,0
v93-u2-e1-t06-74861e481f42,0.6,1,RECURSIVE_CARRY_IN,3,3,33,33,0,EQUAL,10,0,10,0,0,0
v93-u2-e1-t06-74861e481f42,0.6,1,RECURSIVE_CARRY_IN,4,4,7,7,0,EQUAL,10,0,10,0,0,0
v93-u2-e1-t06-74861e481f42,0.6,1,RECURSIVE_CARRY_IN,5,5,70,70,0,EQUAL,10,0,10,0,0,0
v93-u2-e1-t06-74861e481f42,0.6,1,RECURSIVE_CARRY_IN,6,6,39,39,0,EQUAL,10,0,10,0,0,0
v93-u2-e1-t06-74861e481f42,0.6,1,RECURSIVE_CARRY_IN,7,7,49,49,0,EQUAL,10,0,10,0,0,0
v93-u2-e1-t06-74861e481f42,0.6,1,RECURSIVE_CARRY_IN,8,8,60,60,0,EQUAL,10,0,10,0,0,0
v93-u2-e1-t06-74861e481f42,0.6,1,RECURSIVE_CARRY_IN,9,9,110,110,0,EQUAL,10,0,10,0,0,0
v93-u2-e1-t07-1de316c64ec8,0.6,1,DEADLINE_CARRY_IN,0,0,20,20,0,EQUAL,6,0,6,0,0,0
v93-u2-e1-t07-1de316c64ec8,0.6,1,DEADLINE_CARRY_IN,1,1,4,4,0,EQUAL,6,0,6,0,0,0
v93-u2-e1-t07-1de316c64ec8,0.6,1,DEADLINE_CARRY_IN,2,2,5,5,0,EQUAL,6,0,6,0,0,0
v93-u2-e1-t07-1de316c64ec8,0.6,1,DEADLINE_CARRY_IN,3,3,14,14,0,EQUAL,6,0,6,0,0,0
v93-u2-e1-t07-1de316c64ec8,0.6,1,DEADLINE_CARRY_IN,4,4,18,18,0,EQUAL,6,0,6,0,0,0
v93-u2-e1-t07-1de316c64ec8,0.6,1,DEADLINE_CARRY_IN,5,5,68,68,0,EQUAL,6,0,6,0,0,0
v93-u2-e1-t07-1de316c64ec8,0.6,1,FIXED_CW_CARRY_IN,0,0,20,20,0,EQUAL,8,0,8,0,0,0
v93-u2-e1-t07-1de316c64ec8,0.6,1,FIXED_CW_CARRY_IN,1,1,4,4,0,EQUAL,8,0,8,0,0,0
v93-u2-e1-t07-1de316c64ec8,0.6,1,FIXED_CW_CARRY_IN,2,2,5,5,0,EQUAL,8,0,8,0,0,0
v93-u2-e1-t07-1de316c64ec8,0.6,1,FIXED_CW_CARRY_IN,3,3,14,14,0,EQUAL,8,0,8,0,0,0
v93-u2-e1-t07-1de316c64ec8,0.6,1,FIXED_CW_CARRY_IN,4,4,14,14,0,EQUAL,8,0,8,0,0,0
v93-u2-e1-t07-1de316c64ec8,0.6,1,FIXED_CW_CARRY_IN,5,5,59,59,0,EQUAL,8,0,8,0,0,0
v93-u2-e1-t07-1de316c64ec8,0.6,1,FIXED_CW_CARRY_IN,6,6,89,89,0,EQUAL,8,0,8,0,0,0
v93-u2-e1-t07-1de316c64ec8,0.6,1,FIXED_CW_CARRY_IN,7,7,38,38,0,EQUAL,8,0,8,0,0,0
v93-u2-e1-t07-1de316c64ec8,0.6,1,RECURSIVE_CARRY_IN,0,0,20,20,0,EQUAL,9,0,9,0,0,0
v93-u2-e1-t07-1de316c64ec8,0.6,1,RECURSIVE_CARRY_IN,1,1,4,4,0,EQUAL,9,0,9,0,0,0
v93-u2-e1-t07-1de316c64ec8,0.6,1,RECURSIVE_CARRY_IN,2,2,5,5,0,EQUAL,9,0,9,0,0,0
v93-u2-e1-t07-1de316c64ec8,0.6,1,RECURSIVE_CARRY_IN,3,3,14,14,0,EQUAL,9,0,9,0,0,0
v93-u2-e1-t07-1de316c64ec8,0.6,1,RECURSIVE_CARRY_IN,4,4,14,14,0,EQUAL,9,0,9,0,0,0
v93-u2-e1-t07-1de316c64ec8,0.6,1,RECURSIVE_CARRY_IN,5,5,59,59,0,EQUAL,9,0,9,0,0,0
v93-u2-e1-t07-1de316c64ec8,0.6,1,RECURSIVE_CARRY_IN,6,6,89,89,0,EQUAL,9,0,9,0,0,0
v93-u2-e1-t07-1de316c64ec8,0.6,1,RECURSIVE_CARRY_IN,7,7,38,38,0,EQUAL,9,0,9,0,0,0
v93-u2-e1-t07-1de316c64ec8,0.6,1,RECURSIVE_CARRY_IN,8,8,104,104,0,EQUAL,9,0,9,0,0,0
v93-u2-e1-t08-17ccce2d4ba7,0.6,1,DEADLINE_CARRY_IN,0,0,2,2,0,EQUAL,5,0,5,0,0,0
v93-u2-e1-t08-17ccce2d4ba7,0.6,1,DEADLINE_CARRY_IN,1,1,21,21,0,EQUAL,5,0,5,0,0,0
v93-u2-e1-t08-17ccce2d4ba7,0.6,1,DEADLINE_CARRY_IN,2,2,34,34,0,EQUAL,5,0,5,0,0,0
v93-u2-e1-t08-17ccce2d4ba7,0.6,1,DEADLINE_CARRY_IN,3,3,37,37,0,EQUAL,5,0,5,0,0,0
v93-u2-e1-t08-17ccce2d4ba7,0.6,1,DEADLINE_CARRY_IN,4,4,41,41,0,EQUAL,5,0,5,0,0,0
v93-u2-e1-t08-17ccce2d4ba7,0.6,1,FIXED_CW_CARRY_IN,,,,,,NOT_APPLICABLE,0,0,0,0,,
v93-u2-e1-t08-17ccce2d4ba7,0.6,1,RECURSIVE_CARRY_IN,0,0,2,2,0,EQUAL,5,0,5,0,0,0
v93-u2-e1-t08-17ccce2d4ba7,0.6,1,RECURSIVE_CARRY_IN,1,1,21,21,0,EQUAL,5,0,5,0,0,0
v93-u2-e1-t08-17ccce2d4ba7,0.6,1,RECURSIVE_CARRY_IN,2,2,34,34,0,EQUAL,5,0,5,0,0,0
v93-u2-e1-t08-17ccce2d4ba7,0.6,1,RECURSIVE_CARRY_IN,3,3,37,37,0,EQUAL,5,0,5,0,0,0
v93-u2-e1-t08-17ccce2d4ba7,0.6,1,RECURSIVE_CARRY_IN,4,4,39,39,0,EQUAL,5,0,5,0,0,0
v93-u2-e1-t09-578372cb5af5,0.6,1,DEADLINE_CARRY_IN,0,0,29,29,0,EQUAL,6,0,6,0,0,0
v93-u2-e1-t09-578372cb5af5,0.6,1,DEADLINE_CARRY_IN,1,1,7,7,0,EQUAL,6,0,6,0,0,0
v93-u2-e1-t09-578372cb5af5,0.6,1,DEADLINE_CARRY_IN,2,2,4,4,0,EQUAL,6,0,6,0,0,0
v93-u2-e1-t09-578372cb5af5,0.6,1,DEADLINE_CARRY_IN,3,3,42,42,0,EQUAL,6,0,6,0,0,0
v93-u2-e1-t09-578372cb5af5,0.6,1,DEADLINE_CARRY_IN,4,4,45,45,0,EQUAL,6,0,6,0,0,0
v93-u2-e1-t09-578372cb5af5,0.6,1,DEADLINE_CARRY_IN,5,5,71,71,0,EQUAL,6,0,6,0,0,0
v93-u2-e1-t09-578372cb5af5,0.6,1,FIXED_CW_CARRY_IN,,,,,,NOT_APPLICABLE,0,0,0,0,,
v93-u2-e1-t09-578372cb5af5,0.6,1,RECURSIVE_CARRY_IN,0,0,29,29,0,EQUAL,6,0,6,0,0,0
v93-u2-e1-t09-578372cb5af5,0.6,1,RECURSIVE_CARRY_IN,1,1,7,7,0,EQUAL,6,0,6,0,0,0
v93-u2-e1-t09-578372cb5af5,0.6,1,RECURSIVE_CARRY_IN,2,2,4,4,0,EQUAL,6,0,6,0,0,0
v93-u2-e1-t09-578372cb5af5,0.6,1,RECURSIVE_CARRY_IN,3,3,42,42,0,EQUAL,6,0,6,0,0,0
v93-u2-e1-t09-578372cb5af5,0.6,1,RECURSIVE_CARRY_IN,4,4,41,41,0,EQUAL,6,0,6,0,0,0
v93-u2-e1-t09-578372cb5af5,0.6,1,RECURSIVE_CARRY_IN,5,5,60,60,0,EQUAL,6,0,6,0,0,0
