taskset_id,U_norm,E0,analysis_variant,analysis_id,solver_status,certification_status,wall_clock_runtime_seconds,cpu_runtime_seconds,timeout,numeric_error,internal_conformance_failure
v93-u0-e0-t00-ba6fa39928a7,0.2,0,CW_D,e1e82680172a0cb765b05ce4ebf1cd77a89f12c0e476913ae80507bbc71dd6f3,NO_CANDIDATE,NOT_CERTIFIED,0.195616076,0.191430875,False,False,False
v93-u0-e0-t00-ba6fa39928a7,0.2,0,LOC_D,e2d6a0f8f978dc80e03caf62d7bfc5cff8af06998229aa6d7edfe7fed8c65e01,NO_CANDIDATE,NOT_CERTIFIED,0.205155590,0.200303473,False,False,False
v93-u0-e0-t00-ba6fa39928a7,0.2,0,CW_THETA_CW,aebfab7cf4449fe1571132288d5d6f5a55b47f6297c8a21ea62616617a3cf662,NO_CANDIDATE,NOT_CERTIFIED,0.204499539,0.198202790,False,False,False
v93-u0-e0-t00-ba6fa39928a7,0.2,0,LOC_THETA_CW,39ab14e2b0dafdfd47dd4752bad8936394e42ec35d0a45d2ee17dc164e1dacfc,NOT_APPLICABLE_DEPENDENCY,NOT_APPLICABLE,0.004923581,0.001400190,False,False,False
v93-u0-e0-t00-ba6fa39928a7,0.2,0,LOC_THETA_LOC,ffc26672fee8bfa9aef129ad0cafc88321c1e178aa4d0d6f643130022d34a984,NO_CANDIDATE,NOT_CERTIFIED,0.204485624,0.200379598,False,False,False
v93-u0-e0-t01-c1c7923b4577,0.2,0,CW_D,160a3f2665270b86ad177d192ce8f7a9c0a02f2e0457dc7640d7e00ec8b5d622,NO_CANDIDATE,NOT_CERTIFIED,0.227061572,0.222063125,False,False,False
v93-u0-e0-t01-c1c7923b4577,0.2,0,LOC_D,d839cf4c8597182dae680f346a2ddc2aafb9ed1e60658fa1b1be96f751df3a17,NO_CANDIDATE,NOT_CERTIFIED,0.227746202,0.223233127,False,False,False
v93-u0-e0-t01-c1c7923b4577,0.2,0,CW_THETA_CW,3a5aad3ee19794ff87f1621e72e9f3167ceea9c33dafcf2ac9b9ccb90038021e,NO_CANDIDATE,NOT_CERTIFIED,0.233790455,0.229961418,False,False,False
v93-u0-e0-t01-c1c7923b4577,0.2,0,LOC_THETA_CW,a3689d3b8a17cbf012c4894441cc5e1dd76a6f69ae0aa9d213fea627eb8ae7d9,NOT_APPLICABLE_DEPENDENCY,NOT_APPLICABLE,0.006892416,0.002283828,False,False,False
v93-u0-e0-t01-c1c7923b4577,0.2,0,LOC_THETA_LOC,8c51bb721c5822b9b5256234e3f2122a8043fa4aad5e3f265be94749f95981d6,NO_CANDIDATE,NOT_CERTIFIED,0.228023368,0.224047765,False,False,False
v93-u0-e0-t02-f9923e163823,0.2,0,CW_D,f6873accef99674163e7bae3eb5387748c6bbcfc2d244f5fc06bc54d29a9536c,NO_CANDIDATE,NOT_CERTIFIED,0.455315364,0.450517656,False,False,False
v93-u0-e0-t02-f9923e163823,0.2,0,LOC_D,11e2c2f7a7d27b97a11de2d0c292c6760650549d04e57790f2dda70154fcee88,NO_CANDIDATE,NOT_CERTIFIED,0.457582696,0.453334939,False,False,False
v93-u0-e0-t02-f9923e163823,0.2,0,CW_THETA_CW,772587b0a602b59c6269bfacaa287c96dc6777fd83738526288f65f7b105dc4d,NO_CANDIDATE,NOT_CERTIFIED,0.466256776,0.462079381,False,False,False
v93-u0-e0-t02-f9923e163823,0.2,0,LOC_THETA_CW,384f7ea683abd859efc484fc3502e758651f800d120e9b0722895421422659ec,NOT_APPLICABLE_DEPENDENCY,NOT_APPLICABLE,0.006585963,0.002654281,False,False,False
v93-u0-e0-t02-f9923e163823,0.2,0,LOC_THETA_LOC,f8bdd3d603e34a8a4c9f47175182cfae27adc77c26fd3f55b0c9bc8cf5fb1455,NO_CANDIDATE,NOT_CERTIFIED,0.462332368,0.458486881,False,False,False
v93-u0-e0-t03-b6e8dd9e81b4,0.2,0,CW_D,254b685225fbdf5fda31a978001c1929df822a8e5360d42cfd0913cfe18b685e,NO_CANDIDATE,NOT_CERTIFIED,0.228327610,0.224239820,False,False,False
v93-u0-e0-t03-b6e8dd9e81b4,0.2,0,LOC_D,720412b04693f87f58d9293a0b0d9e04dab9767d313333c2e9f910b528cfe2ab,NO_CANDIDATE,NOT_CERTIFIED,0.219889359,0.216003577,False,False,False
v93-u0-e0-t03-b6e8dd9e81b4,0.2,0,CW_THETA_CW,04683a3a66a9f97de8591e6c5a2fe90b20a879d6c12c412d9aa1c12d99d34988,NO_CANDIDATE,NOT_CERTIFIED,0.227310793,0.222751546,False,False,False
v93-u0-e0-t03-b6e8dd9e81b4,0.2,0,LOC_THETA_CW,e6e7545cc0e7102d83cdf7527bef7b645eb7ffa22706d4fe35efc19e7433aa32,NOT_APPLICABLE_DEPENDENCY,NOT_APPLICABLE,0.005493913,0.001547429,False,False,False
v93-u0-e0-t03-b6e8dd9e81b4,0.2,0,LOC_THETA_LOC,ec44f1a6ab947403f2fabd14a4862a9254e7b0239c2354525efade20c7034c8f,NO_CANDIDATE,NOT_CERTIFIED,0.227680365,0.223484347,False,False,False
v93-u0-e0-t04-2fe262efcc3c,0.2,0,CW_D,dedf198f167dd710efb50e941eaa820f035f54f69581faa2ae951a4be8719bed,NO_CANDIDATE,NOT_CERTIFIED,0.181306910,0.174296288,False,False,False
v93-u0-e0-t04-2fe262efcc3c,0.2,0,LOC_D,5142e41f61c0e5a5c3b48af26cfb60fecd7e8866976c7e1aa2feac9353e6a6c9,NO_CANDIDATE,NOT_CERTIFIED,0.177295376,0.172527941,False,False,False
v93-u0-e0-t04-2fe262efcc3c,0.2,0,CW_THETA_CW,8f382d0b795f94fe93dc2b9c6a386a8ada2dfae71c312106c4cf6b028452df41,NO_CANDIDATE,NOT_CERTIFIED,0.170721270,0.167001724,False,False,False
v93-u0-e0-t04-2fe262efcc3c,0.2,0,LOC_THETA_CW,c37fae2c764522a90fc90d351bdd1256725dc9dd2d3bd6e8a3dbbf743d8e6f1b,NOT_APPLICABLE_DEPENDENCY,NOT_APPLICABLE,0.005120335,0.001553601,False,False,False
v93-u0-e0-t04-2fe262efcc3c,0.2,0,LOC_THETA_LOC,fad38f7a1fad7dfb4317a381fba337d8ff10351f1cbf79dbb0a03f401cd3e04f,NO_CANDIDATE,NOT_CERTIFIED,0.172718249,0.168515077,False,False,False
v93-u0-e0-t05-c0a787fff951,0.2,0,CW_D,a243359c74bdd2ec205983fe6e61826bac2153be88f9e45d0958559b1fdfadf3,NO_CANDIDATE,NOT_CERTIFIED,0.503705084,0.499011215,False,False,False
v93-u0-e0-t05-c0a787fff951,0.2,0,LOC_D,f6ecf1ce2e6f6fd41367f1947c3c77cbe073e6e7f73234b9ab7e8cd5defb7756,NO_CANDIDATE,NOT_CERTIFIED,0.443316111,0.437506628,False,False,False
v93-u0-e0-t05-c0a787fff951,0.2,0,CW_THETA_CW,6da9e4bcfd87304a34a7ca447aaf21c2d7a42f8cdf0f972331048811ebbb59d8,NO_CANDIDATE,NOT_CERTIFIED,0.459509603,0.454366412,False,False,False
v93-u0-e0-t05-c0a787fff951,0.2,0,LOC_THETA_CW,13b041677336688655b847d704d09dcf8ed0e8b0bb9b3d1527ec9fce37083f87,NOT_APPLICABLE_DEPENDENCY,NOT_APPLICABLE,0.007442546,0.001991553,False,False,False
v93-u0-e0-t05-c0a787fff951,0.2,0,LOC_THETA_LOC,5a609ea9f7b8955d84f793ac76b31033fa49f99eae705528ef3e6de5b7b13858,NO_CANDIDATE,NOT_CERTIFIED,0.433007748,0.428642698,False,False,False
v93-u0-e0-t06-31157518f037,0.2,0,CW_D,a6de4d06269399c7e5eb8753722f1db5de845f7ec66807ad05efccf2f33558f6,NO_CANDIDATE,NOT_CERTIFIED,0.189434886,0.185181485,False,False,False
v93-u0-e0-t06-31157518f037,0.2,0,LOC_D,5ee648e2e3e0a93cb0ed9f20e51b5941a74347e12b4993998c47a8c67be17c8c,NO_CANDIDATE,NOT_CERTIFIED,0.190730483,0.186706571,False,False,False
v93-u0-e0-t06-31157518f037,0.2,0,CW_THETA_CW,d7ceead3ef4ccdd720ff5c39a54bbd5b27ba47252eeb9210e3474b2b13f54895,NO_CANDIDATE,NOT_CERTIFIED,0.191458922,0.187268568,False,False,False
v93-u0-e0-t06-31157518f037,0.2,0,LOC_THETA_CW,b6e5a8fa17ed9940952ec01a8ac7c6f1741b8527227a95b885830c096b778ea8,NOT_APPLICABLE_DEPENDENCY,NOT_APPLICABLE,0.005423173,0.001628994,False,False,False
v93-u0-e0-t06-31157518f037,0.2,0,LOC_THETA_LOC,c5e3e0e23a1be80a827ea6ad661bc1d5cbfece7332d0f6de24b70c063ceaee97,NO_CANDIDATE,NOT_CERTIFIED,0.195115977,0.189111057,False,False,False
v93-u0-e0-t07-8539441f9c62,0.2,0,CW_D,f14ca9772536ada731032d29e378b343712b911be981709fd7d32e44c11f46e7,NO_CANDIDATE,NOT_CERTIFIED,0.138377961,0.133144992,False,False,False
v93-u0-e0-t07-8539441f9c62,0.2,0,LOC_D,2241532206e7627ef12eecc059899d4bf63db900868450c941cdb529c97a21fa,NO_CANDIDATE,NOT_CERTIFIED,0.131962314,0.127641510,False,False,False
v93-u0-e0-t07-8539441f9c62,0.2,0,CW_THETA_CW,ef36704d572b580a1673912926608082701fb0ed77fc24b3ee533aa3026eb8f5,NO_CANDIDATE,NOT_CERTIFIED,0.135242985,0.129384966,False,False,False
v93-u0-e0-t07-8539441f9c62,0.2,0,LOC_THETA_CW,ea9c605bfd368b552ef052f900f9b6d7e3ca0bf4be9389f6e25897c31c36dfe1,NOT_APPLICABLE_DEPENDENCY,NOT_APPLICABLE,0.005103973,0.001640075,False,False,False
v93-u0-e0-t07-8539441f9c62,0.2,0,LOC_THETA_LOC,69006a215a62a10f2e8e62c9ca668467a0962a67565792b46bb47872628d847c,NO_CANDIDATE,NOT_CERTIFIED,0.133357895,0.129391547,False,False,False
v93-u0-e0-t08-dca9b9e27cf3,0.2,0,CW_D,380e02ad7d0378518d25228f393074028c3584a38013db6fb68aec28de94f688,NO_CANDIDATE,NOT_CERTIFIED,0.253303212,0.248737431,False,False,False
v93-u0-e0-t08-dca9b9e27cf3,0.2,0,LOC_D,0ff1679eec3fb54ab9001c8afcb3ecb80c4202cadf7ab139cf8968523c6f8e73,NO_CANDIDATE,NOT_CERTIFIED,0.250061075,0.245647869,False,False,False
v93-u0-e0-t08-dca9b9e27cf3,0.2,0,CW_THETA_CW,ec982f3f961aabe188a7e666ddb879dfeb873619a70b4447c6db8546f647cbe0,NO_CANDIDATE,NOT_CERTIFIED,0.274600772,0.269631864,False,False,False
v93-u0-e0-t08-dca9b9e27cf3,0.2,0,LOC_THETA_CW,398672186246d258cd6b1e5a261ca3f48c83c95fdf98eeb7aead0ebf52c23afa,NOT_APPLICABLE_DEPENDENCY,NOT_APPLICABLE,0.006812796,0.001691853,False,False,False
v93-u0-e0-t08-dca9b9e27cf3,0.2,0,LOC_THETA_LOC,d5419206d1e35d7a2c5d980e933ee3ac4ddc10745763f1eb45802fc42d885bcf,NO_CANDIDATE,NOT_CERTIFIED,0.263799156,0.258069501,False,False,False
v93-u0-e0-t09-6ba3650dc497,0.2,0,CW_D,f0ae60fd22b8f2692771c956588a813364195a5eecfa637e86743ba15b2682e7,NO_CANDIDATE,NOT_CERTIFIED,0.386646606,0.381922590,False,False,False
v93-u0-e0-t09-6ba3650dc497,0.2,0,LOC_D,4231d34afa6ae0f0c55cd0a8e17ab7acd7511c24926a36fd08a7c65ed1009d16,NO_CANDIDATE,NOT_CERTIFIED,0.380279381,0.375312080,False,False,False
v93-u0-e0-t09-6ba3650dc497,0.2,0,CW_THETA_CW,26307013e43d7524f7fdbafd2263c4e766095cba359b2d63143d8c72492ec2f4,NO_CANDIDATE,NOT_CERTIFIED,0.412966601,0.408901332,False,False,False
v93-u0-e0-t09-6ba3650dc497,0.2,0,LOC_THETA_CW,1c057e697265299f1a1bb9de44d79da2729d56d14d223f85b5615f040b99b5c2,NOT_APPLICABLE_DEPENDENCY,NOT_APPLICABLE,0.007268244,0.002155244,False,False,False
v93-u0-e0-t09-6ba3650dc497,0.2,0,LOC_THETA_LOC,0bdb35e1268c5ffd37449110d3049250bd93c9028888cb13dce35d870b3d90c8,NO_CANDIDATE,NOT_CERTIFIED,0.398614495,0.393764988,False,False,False
v93-u0-e1-t00-f8b4c71f0699,0.2,1,CW_D,701f9695e340840e8ce49b0a774c64ede43868c749abbc1edacc0e292c1dad86,COMPLETED,CERTIFIED_TASKSET,1.015783595,1.009880952,False,False,False
v93-u0-e1-t00-f8b4c71f0699,0.2,1,LOC_D,29296dffa15ff5f239c541773a219772bfc2218bfd1047c76f65e5a6c083a992,COMPLETED,CERTIFIED_TASKSET,1.021779126,1.017384562,False,False,False
v93-u0-e1-t00-f8b4c71f0699,0.2,1,CW_THETA_CW,654ed3ac578fa3bb53539756b82fb3fe5fbf648b4ad4fc937c88a61a993e2368,COMPLETED,CERTIFIED_TASKSET,0.683296123,0.677744103,False,False,False
v93-u0-e1-t00-f8b4c71f0699,0.2,1,LOC_THETA_CW,444234783e619331aba8226ab61d65daf9527ec2a104f0778abc97ac99921e56,COMPLETED,CERTIFIED_TASKSET,0.723709173,0.718360575,False,False,False
v93-u0-e1-t00-f8b4c71f0699,0.2,1,LOC_THETA_LOC,4306277546f1a98b96053a2137932b22d47bd4713787070a3fa05483f0697f7d,COMPLETED,CERTIFIED_TASKSET,0.655960802,0.651345472,False,False,False
v93-u0-e1-t01-e826f2c4e829,0.2,1,CW_D,defebdecbe2f2855976bb976a586df9b1e47fb6daa2c7ce8b14f26936bcc1901,COMPLETED,CERTIFIED_TASKSET,0.799777726,0.794984464,False,False,False
v93-u0-e1-t01-e826f2c4e829,0.2,1,LOC_D,e2b571cc03da21ca6ff01261be89d13233d3617cff2ab08219ba45b8da0b460f,COMPLETED,CERTIFIED_TASKSET,0.811997199,0.807089446,False,False,False
v93-u0-e1-t01-e826f2c4e829,0.2,1,CW_THETA_CW,32888a78950e09bd2bb68b921053c74bacfe76acaee2b5a0180962f6f38ed914,COMPLETED,CERTIFIED_TASKSET,0.586956244,0.582511570,False,False,False
v93-u0-e1-t01-e826f2c4e829,0.2,1,LOC_THETA_CW,bf94e38c0cdec9cf14f93527f2fd49eecc6a082dc8c046bbd8d99a6d07c930d5,COMPLETED,CERTIFIED_TASKSET,0.590073021,0.585791829,False,False,False
v93-u0-e1-t01-e826f2c4e829,0.2,1,LOC_THETA_LOC,466ff14d8995f2020eee8c5cc88d2e352ef7f4229b3f77ae71d24e83cdc1a387,COMPLETED,CERTIFIED_TASKSET,0.595295301,0.590512741,False,False,False
v93-u0-e1-t02-574d8a190b8a,0.2,1,CW_D,36bb685b8f1e3a5f8e2d56896aa0404704df863d9416d539e77f1b373fb8a2cb,COMPLETED,CERTIFIED_TASKSET,3.586866366,3.581391176,False,False,False
v93-u0-e1-t02-574d8a190b8a,0.2,1,LOC_D,9c1896e483c8703e9455b59d8732fdac83c8f8e8ee063277b490494263b82f4c,COMPLETED,CERTIFIED_TASKSET,3.522428320,3.516883226,False,False,False
v93-u0-e1-t02-574d8a190b8a,0.2,1,CW_THETA_CW,ac7cfcb42f45c2d6359ff21af7aa8375a0f754fd812ea7f7444fa20189879b43,COMPLETED,CERTIFIED_TASKSET,2.507268261,2.500954165,False,False,False
v93-u0-e1-t02-574d8a190b8a,0.2,1,LOC_THETA_CW,23d3a8891101491fece2fbcdbcb43761b6e2f1191caf12ebeb6580429e3bb354,COMPLETED,CERTIFIED_TASKSET,2.182506247,2.177827028,False,False,False
v93-u0-e1-t02-574d8a190b8a,0.2,1,LOC_THETA_LOC,7697c1e98a4103939cc8593051fd12518871432e806eef6cbd89d1b3d412778a,COMPLETED,CERTIFIED_TASKSET,2.167750713,2.163452077,False,False,False
v93-u0-e1-t03-915984974c81,0.2,1,CW_D,8133de13b482e511e3794e0d65def5899415773087a0f209c62e1f5723c94b44,COMPLETED,CERTIFIED_TASKSET,0.978312740,0.973588506,False,False,False
v93-u0-e1-t03-915984974c81,0.2,1,LOC_D,a8574ccfd8dbd6edb25dfa5988226ebe04e847040b5f5109d4381ba5bccd7206,COMPLETED,CERTIFIED_TASKSET,1.004221318,0.999925326,False,False,False
v93-u0-e1-t03-915984974c81,0.2,1,CW_THETA_CW,028efa92bee9581661051e150f1db9b1a9fd6686754c839a404716f510138248,COMPLETED,CERTIFIED_TASKSET,0.780118023,0.774946829,False,False,False
v93-u0-e1-t03-915984974c81,0.2,1,LOC_THETA_CW,ff6a4db772736abf7a5cc4857679124ade010ed6f7831d93db4fe8934a2d0cf6,COMPLETED,CERTIFIED_TASKSET,0.767675835,0.763417760,False,False,False
v93-u0-e1-t03-915984974c81,0.2,1,LOC_THETA_LOC,c30d67acad3d428301d1c50f4b80d0bf833d1339c73d74bfe014e22fcec13342,COMPLETED,CERTIFIED_TASKSET,0.843020590,0.836097956,False,False,False
v93-u0-e1-t04-8faf75061cb3,0.2,1,CW_D,d73a31a322a56c1d117c4335b6872703bd84ff389ce4f24d4023b78dfeeaeedc,COMPLETED,CERTIFIED_TASKSET,0.484282822,0.478864966,False,False,False
v93-u0-e1-t04-8faf75061cb3,0.2,1,LOC_D,3fb4b3f6ea4b85ad6efc47639ab11b3d4dede681c87efaea6c55de016af3eff1,COMPLETED,CERTIFIED_TASKSET,0.557183850,0.550156981,False,False,False
v93-u0-e1-t04-8faf75061cb3,0.2,1,CW_THETA_CW,9d85c4f1df1999c33b8f30490c4278f861414f5da66e1bf9b464ea314f78309e,COMPLETED,CERTIFIED_TASKSET,0.405347088,0.398515260,False,False,False
v93-u0-e1-t04-8faf75061cb3,0.2,1,LOC_THETA_CW,c9ab6d20853316737a64c27d1417570e4664552a62c5b14757cb2a32736ac23a,COMPLETED,CERTIFIED_TASKSET,0.425374993,0.417843185,False,False,False
v93-u0-e1-t04-8faf75061cb3,0.2,1,LOC_THETA_LOC,cf5ccdf18c2ec882af8eab5be7133639b2ec741160cf1c9e540f22fdc7b828a9,COMPLETED,CERTIFIED_TASKSET,0.397325942,0.391817122,False,False,False
v93-u0-e1-t05-d56b119fb810,0.2,1,CW_D,d78c46607911e7f688b047992a7a64e58d10886d5b7e655ba1bde3aa14bbc928,COMPLETED,CERTIFIED_TASKSET,2.379686970,2.374635972,False,False,False
v93-u0-e1-t05-d56b119fb810,0.2,1,LOC_D,625c11fa84872a01747a280e588957c8cc0dbc4dedd12690661eb7c7cbf93941,COMPLETED,CERTIFIED_TASKSET,2.287063321,2.282104364,False,False,False
v93-u0-e1-t05-d56b119fb810,0.2,1,CW_THETA_CW,6c64ece3eb15d7e9d3cf358223e14b7c11ccf083cf6ae9ba24581751f3c30da9,COMPLETED,CERTIFIED_TASKSET,1.574476751,1.570049527,False,False,False
v93-u0-e1-t05-d56b119fb810,0.2,1,LOC_THETA_CW,9c4c77ca6c91dc0efc9956d4b52d298bc8a3949f9eb1b81a7a64bf8c8925defc,COMPLETED,CERTIFIED_TASKSET,1.541777989,1.537646974,False,False,False
v93-u0-e1-t05-d56b119fb810,0.2,1,LOC_THETA_LOC,202f09afe54298935cc4efb7902007a9c4a69eb21ee8b5e1ac279ff1ea956cda,COMPLETED,CERTIFIED_TASKSET,1.536216129,1.531730366,False,False,False
v93-u0-e1-t06-cfc83e02a77d,0.2,1,CW_D,c3198cb0de79c477e5b83f112909f4c10c6f031d58ac82317e8679d2d531dd5f,COMPLETED,CERTIFIED_TASKSET,0.750896454,0.745894663,False,False,False
v93-u0-e1-t06-cfc83e02a77d,0.2,1,LOC_D,c0df2748ed55f56e10ad6e18875123e5e79a91cdd352d9dd68c46accb4819afc,COMPLETED,CERTIFIED_TASKSET,0.751555720,0.747609356,False,False,False
v93-u0-e1-t06-cfc83e02a77d,0.2,1,CW_THETA_CW,eacf056cd2f29bfec9fac382bfa832e21e0efe5bcead1b5494ab583fe13b5eb0,COMPLETED,CERTIFIED_TASKSET,0.545908456,0.541347938,False,False,False
v93-u0-e1-t06-cfc83e02a77d,0.2,1,LOC_THETA_CW,3cc0ea5629c73a3d5ecdda90e45b3644c414ec289df4defe836da3dde54ee60f,COMPLETED,CERTIFIED_TASKSET,0.546660518,0.542519767,False,False,False
v93-u0-e1-t06-cfc83e02a77d,0.2,1,LOC_THETA_LOC,081da9e6d7b3efda775d9e0fa0863391b4281de1dd3f05c6b863ea257c0aea18,COMPLETED,CERTIFIED_TASKSET,0.546115109,0.541800878,False,False,False
v93-u0-e1-t07-58744ea94fe6,0.2,1,CW_D,fa265c0beece05252d84c05c65ff31cca1d1fb76f4789e2582fc3953c87fb4c2,COMPLETED,CERTIFIED_TASKSET,0.432075490,0.427158553,False,False,False
v93-u0-e1-t07-58744ea94fe6,0.2,1,LOC_D,2dfdad02a9cb4d44044ec7b504474a06b502d8e6b4a29fe3611af62aad5bde29,COMPLETED,CERTIFIED_TASKSET,0.478353161,0.473998816,False,False,False
v93-u0-e1-t07-58744ea94fe6,0.2,1,CW_THETA_CW,668769807d37d51826619740ac6706dbc98676a71c95eb08cc9030357c898431,COMPLETED,CERTIFIED_TASKSET,0.343872995,0.338678327,False,False,False
v93-u0-e1-t07-58744ea94fe6,0.2,1,LOC_THETA_CW,5cab6683e3a92cf681cadb0d7b29e2262d4fe5fde1f86d95b03b1964ef326eac,COMPLETED,CERTIFIED_TASKSET,0.351725853,0.346664751,False,False,False
v93-u0-e1-t07-58744ea94fe6,0.2,1,LOC_THETA_LOC,17b68bdb6f150c8da9cc0cf3f236793173ff9912a4d5d900156b0b4e992f1a83,COMPLETED,CERTIFIED_TASKSET,0.317297257,0.312118599,False,False,False
v93-u0-e1-t08-bb889ea3508a,0.2,1,CW_D,da08433b8879996bb982ab812dab9ab8970886777cc5f4247d6499597d4f3d4f,COMPLETED,CERTIFIED_TASKSET,4.816082180,4.811254753,False,False,False
v93-u0-e1-t08-bb889ea3508a,0.2,1,LOC_D,671fa33720633aec664151dbb8a35fcef2cb6ca5ec624226d4e7686a751e4b40,COMPLETED,CERTIFIED_TASKSET,4.556348481,4.551964462,False,False,False
v93-u0-e1-t08-bb889ea3508a,0.2,1,CW_THETA_CW,e5b26cdc9c06ddc36c12873827609c08278e2e06ff14e679c2aa12237205eb9b,COMPLETED,CERTIFIED_TASKSET,3.524532935,3.519732587,False,False,False
v93-u0-e1-t08-bb889ea3508a,0.2,1,LOC_THETA_CW,c3b232888c04a4c59f46b854d0b83c592c47115495920971240a53bbfaf88af2,COMPLETED,CERTIFIED_TASKSET,3.402088268,3.396383995,False,False,False
v93-u0-e1-t08-bb889ea3508a,0.2,1,LOC_THETA_LOC,5e43ae3bd14314045d8202a728c99dd0df48ec7de228bc774ef9788e0ed5ccf7,COMPLETED,CERTIFIED_TASKSET,3.408298278,3.403452761,False,False,False
v93-u0-e1-t09-17fccf30edcd,0.2,1,CW_D,0d62fdaffb8b3c5c7c0a9147ee5d61f0b9b475d326a415eb7dab1595ea4ef2fb,COMPLETED,CERTIFIED_TASKSET,3.236602688,3.227572631,False,False,False
v93-u0-e1-t09-17fccf30edcd,0.2,1,LOC_D,2a180dc833c4da58b394a0f3516ea965cb646279df2c4897c5c89aea873e62c6,COMPLETED,CERTIFIED_TASKSET,3.325751563,3.321298011,False,False,False
v93-u0-e1-t09-17fccf30edcd,0.2,1,CW_THETA_CW,4ab91304b2e699a6f5f0afd89f800314358a7079ffa3d21ddbcdca84c02b19e3,COMPLETED,CERTIFIED_TASKSET,2.571730597,2.566238120,False,False,False
v93-u0-e1-t09-17fccf30edcd,0.2,1,LOC_THETA_CW,24f74f7c9f38baa3a8f735eac43bf7042bae1a2419bb528c44276401fba17438,COMPLETED,CERTIFIED_TASKSET,2.510799015,2.506657901,False,False,False
v93-u0-e1-t09-17fccf30edcd,0.2,1,LOC_THETA_LOC,3c0178432f02a31aaa01836ab59c2659199ca0ceb39cdd802eb2e6663ce4ec10,COMPLETED,CERTIFIED_TASKSET,2.460370144,2.455894518,False,False,False
v93-u1-e0-t00-e34e528a3329,0.4,0,CW_D,bf0a87c0edcc0743b058af87769810e10233d3e01296cf1c0ef67012b5fedd53,NO_CANDIDATE,NOT_CERTIFIED,0.273033153,0.267506621,False,False,False
v93-u1-e0-t00-e34e528a3329,0.4,0,LOC_D,c528127b931fd0d383ccd16c059c453d31d09eab060c15b353182f5a46511615,NO_CANDIDATE,NOT_CERTIFIED,0.257893088,0.253484182,False,False,False
v93-u1-e0-t00-e34e528a3329,0.4,0,CW_THETA_CW,6d565e866bcfae5a7c6b534f9f2c1a33a7127858a967e6c82b520e686994d977,NO_CANDIDATE,NOT_CERTIFIED,0.263826987,0.259614560,False,False,False
v93-u1-e0-t00-e34e528a3329,0.4,0,LOC_THETA_CW,84f73d88c06cd118751232b77705615582c5602008b809747fc50a7c0b8806ce,NOT_APPLICABLE_DEPENDENCY,NOT_APPLICABLE,0.006490197,0.001742470,False,False,False
v93-u1-e0-t00-e34e528a3329,0.4,0,LOC_THETA_LOC,e339b729deacbe1a1010b79a758bd286e007f2aa3919a258fc7634a8549803b4,NO_CANDIDATE,NOT_CERTIFIED,0.264447202,0.258992202,False,False,False
v93-u1-e0-t01-2f8f3ba103bc,0.4,0,CW_D,ab16eb181e496bc85952b09175b9df1d7fada65c0aabd5733ee72560426515a2,NO_CANDIDATE,NOT_CERTIFIED,0.230628351,0.225922066,False,False,False
v93-u1-e0-t01-2f8f3ba103bc,0.4,0,LOC_D,58616b142b303623a855248cbc209dff31777b9e8452a750a738f2bf4d583ff1,NO_CANDIDATE,NOT_CERTIFIED,0.238490146,0.232860790,False,False,False
v93-u1-e0-t01-2f8f3ba103bc,0.4,0,CW_THETA_CW,8b5f01ff399cda7786da8f0689aba141671675610b07e1e0b722e0be10eae563,NO_CANDIDATE,NOT_CERTIFIED,0.227047573,0.222718388,False,False,False
v93-u1-e0-t01-2f8f3ba103bc,0.4,0,LOC_THETA_CW,790be895bfb32f6cd0982eb27bb5d4ae539ef355cf72e4063f4b2342d5344b7c,NOT_APPLICABLE_DEPENDENCY,NOT_APPLICABLE,0.006012305,0.001675352,False,False,False
v93-u1-e0-t01-2f8f3ba103bc,0.4,0,LOC_THETA_LOC,92649b8d871e3505657b61c39c7e224c36d1402e6daf6631630908adcbd869ce,NO_CANDIDATE,NOT_CERTIFIED,0.229561669,0.225214070,False,False,False
v93-u1-e0-t02-f41b1b237187,0.4,0,CW_D,3716ca80b6bd275a3be45a24023e1538089fefc1aa04b1c6339ce6ec51d6df03,NO_CANDIDATE,NOT_CERTIFIED,0.283751315,0.279177771,False,False,False
v93-u1-e0-t02-f41b1b237187,0.4,0,LOC_D,3d8f359e18890a64384fdc725bc2d76c440b1ddf3320c3bcc5f17dd5a3db5d70,NO_CANDIDATE,NOT_CERTIFIED,0.272568859,0.267813012,False,False,False
v93-u1-e0-t02-f41b1b237187,0.4,0,CW_THETA_CW,77175b922b59626e50ad3bca99833c32953b4da58b7eb970916521e5c6de4fb9,NO_CANDIDATE,NOT_CERTIFIED,0.272854002,0.268475482,False,False,False
v93-u1-e0-t02-f41b1b237187,0.4,0,LOC_THETA_CW,f73446a6427254094ca0491f9918a8bd1cc2a27ce6f4aa5403c910e99f229429,NOT_APPLICABLE_DEPENDENCY,NOT_APPLICABLE,0.004917100,0.001518333,False,False,False
v93-u1-e0-t02-f41b1b237187,0.4,0,LOC_THETA_LOC,e07193f681b15f987294efcee6fbf49e2238ca32031172a77f9d1424da9cdd08,NO_CANDIDATE,NOT_CERTIFIED,0.279182076,0.274238287,False,False,False
v93-u1-e0-t03-3c582273ba40,0.4,0,CW_D,4708add4e87840b0e06cc785c942b12ee4bbfe21a03521c7ff8b09dfa81963e0,NO_CANDIDATE,NOT_CERTIFIED,0.221751615,0.216088047,False,False,False
v93-u1-e0-t03-3c582273ba40,0.4,0,LOC_D,0da84623739d15cfe6c1f743cd93e6e63de955625bfdb3d4b7d921c9faa93f6d,NO_CANDIDATE,NOT_CERTIFIED,0.214130635,0.210028708,False,False,False
v93-u1-e0-t03-3c582273ba40,0.4,0,CW_THETA_CW,7f4f05d0a29254bac82cafd1ad8109005759c99a3c3878bad4cd100062ed0941,NO_CANDIDATE,NOT_CERTIFIED,0.222446410,0.217256202,False,False,False
v93-u1-e0-t03-3c582273ba40,0.4,0,LOC_THETA_CW,746beed4236341653a035e72b3ef204291f4b1a5397239e378aeed3f610bd718,NOT_APPLICABLE_DEPENDENCY,NOT_APPLICABLE,0.006595770,0.002016711,False,False,False
v93-u1-e0-t03-3c582273ba40,0.4,0,LOC_THETA_LOC,00fea7cfb9ee41452a0b05796a0e0ca4603b2ca17ccaab4f3fd73840f1a57a81,NO_CANDIDATE,NOT_CERTIFIED,0.213909551,0.209792164,False,False,False
v93-u1-e0-t04-4488026cc1b2,0.4,0,CW_D,bca82fedc83dd34c2f412d2dc06649986ef80dcf3d48bb12d60b4188d519f6d5,NO_CANDIDATE,NOT_CERTIFIED,0.176508670,0.171101636,False,False,False
v93-u1-e0-t04-4488026cc1b2,0.4,0,LOC_D,72fcc55faced4ab4da638bdbe75bc8dba373ab196d491ab4a826b76e1d83350f,NO_CANDIDATE,NOT_CERTIFIED,0.166844190,0.162798867,False,False,False
v93-u1-e0-t04-4488026cc1b2,0.4,0,CW_THETA_CW,9f62fb226d4cc02878f99aab792f5b58c27956b83666fa3743578fb26a58f6f5,NO_CANDIDATE,NOT_CERTIFIED,0.176414617,0.171598309,False,False,False
v93-u1-e0-t04-4488026cc1b2,0.4,0,LOC_THETA_CW,5e1af9e9104b00b44ddd1e3938db253b23d1ab8f2ea3b8251dc83edf3c5e52e4,NOT_APPLICABLE_DEPENDENCY,NOT_APPLICABLE,0.005606914,0.001606702,False,False,False
v93-u1-e0-t04-4488026cc1b2,0.4,0,LOC_THETA_LOC,53c8e38f0280adc7916fcb67ee9b275a6ec1fa4a744f66d230b1a8ebe6bf5800,NO_CANDIDATE,NOT_CERTIFIED,0.182095506,0.176897595,False,False,False
v93-u1-e0-t05-76f46d0351f1,0.4,0,CW_D,23dcb45475e12d86ccdcb444237ec7b381d506f6c0931445448611e293c200fa,NO_CANDIDATE,NOT_CERTIFIED,0.119219498,0.112273905,False,False,False
v93-u1-e0-t05-76f46d0351f1,0.4,0,LOC_D,38370fa9982e4de15b6b8191e2d1c4375c8548ea4748bc8606e3a7317d3aa8eb,NO_CANDIDATE,NOT_CERTIFIED,0.123513981,0.118502967,False,False,False
v93-u1-e0-t05-76f46d0351f1,0.4,0,CW_THETA_CW,815481a9e1b8a48e6fb110a70dee793b5a96eda40e3a4d336470e15d13336e29,NO_CANDIDATE,NOT_CERTIFIED,0.120048167,0.115383087,False,False,False
v93-u1-e0-t05-76f46d0351f1,0.4,0,LOC_THETA_CW,4ea33d3d45c0229c337b329b0d1c1a1dcaa40d74e9cf16c84c54467981d54042,NOT_APPLICABLE_DEPENDENCY,NOT_APPLICABLE,0.005553853,0.001660043,False,False,False
v93-u1-e0-t05-76f46d0351f1,0.4,0,LOC_THETA_LOC,c2520a829f636f3308f0b6e13a6caf27ee68a3052813dc56704ba561fa395d49,NO_CANDIDATE,NOT_CERTIFIED,0.116105053,0.111504125,False,False,False
v93-u1-e0-t06-99533d6adaca,0.4,0,CW_D,182f12a41b3fca5c85492d47d7160e84628a62f4d3b328bc21d4f976761cfeaf,NO_CANDIDATE,NOT_CERTIFIED,0.384897241,0.379460772,False,False,False
v93-u1-e0-t06-99533d6adaca,0.4,0,LOC_D,9278a5d0d20a0ff5b3e7e41063e146cf4c0102902ce9e757914cd74d78ca2592,NO_CANDIDATE,NOT_CERTIFIED,0.369824031,0.365657276,False,False,False
v93-u1-e0-t06-99533d6adaca,0.4,0,CW_THETA_CW,d44307b9acc0a3d6a17f8aaaa49557e50b92cc8566b216960bdf382eb964bf1c,NO_CANDIDATE,NOT_CERTIFIED,0.364625392,0.359562835,False,False,False
v93-u1-e0-t06-99533d6adaca,0.4,0,LOC_THETA_CW,11539bcc4bb084583e3f5a63f285e18d319b744f4afd194e5c6ab0f1c2ca49fa,NOT_APPLICABLE_DEPENDENCY,NOT_APPLICABLE,0.004763237,0.001507363,False,False,False
v93-u1-e0-t06-99533d6adaca,0.4,0,LOC_THETA_LOC,512494526d46749dc90d5c9c1172946e6c36881aea3b659356a812b38d4a8302,NO_CANDIDATE,NOT_CERTIFIED,0.356691028,0.352557744,False,False,False
v93-u1-e0-t07-3fd039c9fe56,0.4,0,CW_D,97ab27ff021c96cdbea8c0367ac917472558fde9a85e5381587aec1f9b05faab,NO_CANDIDATE,NOT_CERTIFIED,0.277230687,0.272543196,False,False,False
v93-u1-e0-t07-3fd039c9fe56,0.4,0,LOC_D,69e2da1aa787d4755c8b58924b3cad0625fc1cfdebc439d408f3c4ae88a30c2a,NO_CANDIDATE,NOT_CERTIFIED,0.276127487,0.271006504,False,False,False
v93-u1-e0-t07-3fd039c9fe56,0.4,0,CW_THETA_CW,fa6860a93d73d8a33de120605ab4cf5f4bf831f1acdd42b2921f8a14d9b1ba27,NO_CANDIDATE,NOT_CERTIFIED,0.281808036,0.276365842,False,False,False
v93-u1-e0-t07-3fd039c9fe56,0.4,0,LOC_THETA_CW,457319f9182565bf1eed4c2e3282111b5a0562b9f60ed7bf9d24a39d26ff219a,NOT_APPLICABLE_DEPENDENCY,NOT_APPLICABLE,0.005459870,0.001624245,False,False,False
v93-u1-e0-t07-3fd039c9fe56,0.4,0,LOC_THETA_LOC,084cb2c050db53493232d15841ebb0619b22c1507c6bcd3758018f6bc20e4d22,NO_CANDIDATE,NOT_CERTIFIED,0.287733142,0.283184648,False,False,False
v93-u1-e0-t08-5d66bf83087b,0.4,0,CW_D,36e2bbc8fc989bab092439451e848b9aca208aa28fd46c45888797413c4465c3,NO_CANDIDATE,NOT_CERTIFIED,0.163019556,0.158050270,False,False,False
v93-u1-e0-t08-5d66bf83087b,0.4,0,LOC_D,1d43d37b7e3c1dbf364bdc6949ff4a1928f251290594b3e64c075148e318ca6e,NO_CANDIDATE,NOT_CERTIFIED,0.160241505,0.156184643,False,False,False
v93-u1-e0-t08-5d66bf83087b,0.4,0,CW_THETA_CW,d6ebc90a1cbf5c10da2efeb38d76e36556235b5afe9369686fffb446a848bbac,NO_CANDIDATE,NOT_CERTIFIED,0.154079507,0.149130770,False,False,False
v93-u1-e0-t08-5d66bf83087b,0.4,0,LOC_THETA_CW,7bf13d21d8a3a186766cb1a5fa09730ecb6770f99675affeab5ae500476cca05,NOT_APPLICABLE_DEPENDENCY,NOT_APPLICABLE,0.005417946,0.001676244,False,False,False
v93-u1-e0-t08-5d66bf83087b,0.4,0,LOC_THETA_LOC,6384db2364b3f5c6d87f8b5c0f5b0603f897c3999293c657f2ca876f20d5a15e,NO_CANDIDATE,NOT_CERTIFIED,0.158601250,0.153939764,False,False,False
v93-u1-e0-t09-d591f5596850,0.4,0,CW_D,2010a22155365f73c9c0f1215adf5c1cdd6b305c9ce04729c4566b280d11b4ca,NO_CANDIDATE,NOT_CERTIFIED,0.140550993,0.135873575,False,False,False
v93-u1-e0-t09-d591f5596850,0.4,0,LOC_D,9ebedb82e4778008317a368096aa47b74539c6c1d75db76a0be6124997b0e28b,NO_CANDIDATE,NOT_CERTIFIED,0.157444247,0.152903686,False,False,False
v93-u1-e0-t09-d591f5596850,0.4,0,CW_THETA_CW,4725db62c145c37a0813311f55de0b2644b75e6aadfc9f151536d40b5bdb70ae,NO_CANDIDATE,NOT_CERTIFIED,0.153481907,0.148526438,False,False,False
v93-u1-e0-t09-d591f5596850,0.4,0,LOC_THETA_CW,d69e4df7fecde0fa36908a0eb085464625c9124ffb84f36eacdc4030157d2b73,NOT_APPLICABLE_DEPENDENCY,NOT_APPLICABLE,0.006378684,0.002042279,False,False,False
v93-u1-e0-t09-d591f5596850,0.4,0,LOC_THETA_LOC,23b83bcbb17f96c2a25cb227371dfabefe9d38f14a063d655cb564e7f8e51f2b,NO_CANDIDATE,NOT_CERTIFIED,0.151665602,0.147468127,False,False,False
v93-u1-e1-t00-65969f00bdd7,0.4,1,CW_D,954a5c261f7cb273ba6c2bd3629ecde63307a2963d820943ef0db83e1bda5486,COMPLETED,CERTIFIED_TASKSET,10.078811398,10.072541253,False,False,False
v93-u1-e1-t00-65969f00bdd7,0.4,1,LOC_D,b249cc58b2086a43d5a7968d3764b54841f18588d612571068dbc0d26d36a607,COMPLETED,CERTIFIED_TASKSET,9.989002645,9.983969527,False,False,False
v93-u1-e1-t00-65969f00bdd7,0.4,1,CW_THETA_CW,39b78bb51126cf64c26eb3cc1c816663a074e918496889ba18696b9242f5359f,COMPLETED,CERTIFIED_TASKSET,7.632389292,7.627397816,False,False,False
v93-u1-e1-t00-65969f00bdd7,0.4,1,LOC_THETA_CW,a8758cf70385e9ddf88dd1ce58923f711783b41c268fc3d78f0fda65283b8b7d,COMPLETED,CERTIFIED_TASKSET,7.919893411,7.915200821,False,False,False
v93-u1-e1-t00-65969f00bdd7,0.4,1,LOC_THETA_LOC,1908386f09736ffc00c42614d2fbb7de994e78ff0076d21dc1bdbf05e65c243f,COMPLETED,CERTIFIED_TASKSET,7.832325701,7.826806606,False,False,False
v93-u1-e1-t01-6d6d0db990d3,0.4,1,CW_D,b101c3aa4b56c2fea34d58a8af735a0a016a54fab8c9a7495f4a5bccda3576b3,COMPLETED,CERTIFIED_TASKSET,9.320648051,9.315315652,False,False,False
v93-u1-e1-t01-6d6d0db990d3,0.4,1,LOC_D,db25223f854b7682ea935d1eff043d4e62878302d1757afac176c31e8d4003da,COMPLETED,CERTIFIED_TASKSET,9.264669428,9.259721319,False,False,False
v93-u1-e1-t01-6d6d0db990d3,0.4,1,CW_THETA_CW,2afd08fc85e9bf4a8014475a4644396d8fe40c04442328c44771e530bcc112e2,COMPLETED,CERTIFIED_TASKSET,6.002232699,5.997799838,False,False,False
v93-u1-e1-t01-6d6d0db990d3,0.4,1,LOC_THETA_CW,6c7a7d5f10b2b06d8060a037b8cbcc741564762e11d97b971c5c10e00cefa687,COMPLETED,CERTIFIED_TASKSET,6.255737010,6.249489096,False,False,False
v93-u1-e1-t01-6d6d0db990d3,0.4,1,LOC_THETA_LOC,cb91a402ddad7718aea6baf5a63f0c2a43740441e5a192d683eac28cecd9277c,COMPLETED,CERTIFIED_TASKSET,6.211583131,6.205975222,False,False,False
v93-u1-e1-t02-aaa1532d33ef,0.4,1,CW_D,9867711b03d661a6a197401f27c132ef375ce0e6b86013899ca78fee14e86b1f,COMPLETED,CERTIFIED_TASKSET,6.344173119,6.338264099,False,False,False
v93-u1-e1-t02-aaa1532d33ef,0.4,1,LOC_D,6138a4a542f94b7ae6da5a936a3e1ad22958edd0cbaf00394217c66697634942,COMPLETED,CERTIFIED_TASKSET,6.532170902,6.526967073,False,False,False
v93-u1-e1-t02-aaa1532d33ef,0.4,1,CW_THETA_CW,0b520bf81f03dc9fc6c4b044010659953e37471f0d7152dccb38af3d67f9ade0,COMPLETED,CERTIFIED_TASKSET,4.408243721,4.403174490,False,False,False
v93-u1-e1-t02-aaa1532d33ef,0.4,1,LOC_THETA_CW,90b9238c2ceaa8994d479632f522a8e8d1636b5d3b2766635a55c51ee60f55d0,COMPLETED,CERTIFIED_TASKSET,4.440611988,4.435581713,False,False,False
v93-u1-e1-t02-aaa1532d33ef,0.4,1,LOC_THETA_LOC,025451ac4dba9650f66d99a6c296dcd437138d0da4d4bb93b1766afcbbcf43a2,COMPLETED,CERTIFIED_TASKSET,4.453725024,4.449189276,False,False,False
v93-u1-e1-t03-ab3e4493620a,0.4,1,CW_D,a555be9450412732d2bc47500367891b07feec20c87b4d3d71ec1043e6b0ee48,TIMEOUT,NOT_CERTIFIED,15.024459715,15.019122101,True,False,False
v93-u1-e1-t03-ab3e4493620a,0.4,1,LOC_D,95d9498f9e10ce992cd26bc02b6ff58357e551ab1f9753fa8df459a4fb2918bb,TIMEOUT,NOT_CERTIFIED,15.009685939,15.003683047,True,False,False
v93-u1-e1-t03-ab3e4493620a,0.4,1,CW_THETA_CW,499d4162e08f5157ec1b00d43fa3cda8a938b05d1e2f12b9b5797d6be86f4697,COMPLETED,CERTIFIED_TASKSET,14.365112726,14.359727762,False,False,False
v93-u1-e1-t03-ab3e4493620a,0.4,1,LOC_THETA_CW,a90a9dd4ba74f50d2f533d57e8992126d532de1698c1a6d5dfaaf3d9c1f16bd5,COMPLETED,CERTIFIED_TASKSET,14.177442660,14.172515781,False,False,False
v93-u1-e1-t03-ab3e4493620a,0.4,1,LOC_THETA_LOC,cc4aed175727f2997ca366b50391a8898c3b5d294a08b38b458ab895802238f9,COMPLETED,CERTIFIED_TASKSET,14.180068938,14.174895909,False,False,False
v93-u1-e1-t04-abc085f78c66,0.4,1,CW_D,a377214a1bfb1a767de6f2c634ea5a51aa186e5eee0bf509450d316d053f6301,COMPLETED,CERTIFIED_TASKSET,2.621673582,2.616839488,False,False,False
v93-u1-e1-t04-abc085f78c66,0.4,1,LOC_D,6e8d241ab943a71de71f7f8a2653083f96dd521ad63077b9b20718c92496a38e,COMPLETED,CERTIFIED_TASKSET,2.608665621,2.603674098,False,False,False
v93-u1-e1-t04-abc085f78c66,0.4,1,CW_THETA_CW,6c82e63d5273a4d10b57f45e4c7d866e0f68348c7b8e49103773de8319ddbaeb,COMPLETED,CERTIFIED_TASKSET,1.944939120,1.940122420,False,False,False
v93-u1-e1-t04-abc085f78c66,0.4,1,LOC_THETA_CW,c3cb21d2a1c2bb82bff071c2085d23b5f3367cfa313103db59ff297057f5e724,COMPLETED,CERTIFIED_TASKSET,1.884707748,1.880091882,False,False,False
v93-u1-e1-t04-abc085f78c66,0.4,1,LOC_THETA_LOC,ce2423957a3974b39d5b2297562ad6d3d12334017ed8f7ac0ba0bb024a7d7435,COMPLETED,CERTIFIED_TASKSET,1.902746349,1.898115891,False,False,False
v93-u1-e1-t05-26407c67d1ef,0.4,1,CW_D,83b65de770de26673f09e1ff18899d90a869e040b1cc099d2ab3e3b46b80f7ba,COMPLETED,CERTIFIED_TASKSET,6.180718634,6.175425305,False,False,False
v93-u1-e1-t05-26407c67d1ef,0.4,1,LOC_D,32ef00188f7cecec2a3ac2f180360153cf1513249a44ce6a3c9c84ed351b6f32,COMPLETED,CERTIFIED_TASKSET,6.271966656,6.267499499,False,False,False
v93-u1-e1-t05-26407c67d1ef,0.4,1,CW_THETA_CW,dfbdacb47cc99e7d3207e7e3ca53d74739888ced44e695d9bf9c4ada2ebfd0e4,COMPLETED,CERTIFIED_TASKSET,4.526440615,4.521425770,False,False,False
v93-u1-e1-t05-26407c67d1ef,0.4,1,LOC_THETA_CW,0aaab3f433a816ec73ae541ba7e14cca299321c5d5dbf2faa8fa205dbbd7d183,COMPLETED,CERTIFIED_TASKSET,4.567593010,4.563021337,False,False,False
v93-u1-e1-t05-26407c67d1ef,0.4,1,LOC_THETA_LOC,b6019d867e5208817f9f88d88236584c255acc2fb4d1ff26cb5c513267c7c03a,COMPLETED,CERTIFIED_TASKSET,4.446687733,4.441706845,False,False,False
v93-u1-e1-t06-7c33b3866f7f,0.4,1,CW_D,8abe682169af9c44f4e43c5ebde025466ccd1753ec939103d4254f5487420595,TIMEOUT,NOT_CERTIFIED,15.101613330,15.094331307,True,False,False
v93-u1-e1-t06-7c33b3866f7f,0.4,1,LOC_D,a9e0bbcfb0674ad46adacf457e37bd76ad5e399df1bb988ac0dd31271720e53a,TIMEOUT,NOT_CERTIFIED,15.124136568,15.119309009,True,False,False
v93-u1-e1-t06-7c33b3866f7f,0.4,1,CW_THETA_CW,28aa47f2f0627cbbeac67e34cdf6d343fb068b0c673aba953c8efa7da598685b,TIMEOUT,NOT_CERTIFIED,15.006233030,15.001497140,True,False,False
v93-u1-e1-t06-7c33b3866f7f,0.4,1,LOC_THETA_CW,e87050a40377609eb5e4702698430e04b32f38b28639ebd0329fe25c0daf630a,NOT_APPLICABLE_DEPENDENCY,NOT_APPLICABLE,0.005825037,0.001685933,False,False,False
v93-u1-e1-t06-7c33b3866f7f,0.4,1,LOC_THETA_LOC,182a57b4c4571fb5295144a3bddf2e11cfdb56aab18348266ccfbeaf1da931e3,COMPLETED,CERTIFIED_TASKSET,15.006459617,15.001060073,False,False,False
v93-u1-e1-t07-c46a267aff7e,0.4,1,CW_D,3917f89816f11ea2f4b35001ba4d588f7d53b99d82ecd1e4e28af841ad59d341,COMPLETED,CERTIFIED_TASKSET,5.252231014,5.247060080,False,False,False
v93-u1-e1-t07-c46a267aff7e,0.4,1,LOC_D,64a5ca0b4fd08094beeba480935134a4cd56e673367c0cc6a62f5a9aa23a563d,COMPLETED,CERTIFIED_TASKSET,5.299244729,5.294456335,False,False,False
v93-u1-e1-t07-c46a267aff7e,0.4,1,CW_THETA_CW,87868a08629bd4677ca4be8ec365c0350eb5abbe3e240ec4bdc434619a1e0176,COMPLETED,CERTIFIED_TASKSET,3.499204648,3.494781386,False,False,False
v93-u1-e1-t07-c46a267aff7e,0.4,1,LOC_THETA_CW,24bbc1131262187565e299f97ca8d4e058e635d1533b6da58a19543d219140f1,COMPLETED,CERTIFIED_TASKSET,3.593207397,3.588754584,False,False,False
v93-u1-e1-t07-c46a267aff7e,0.4,1,LOC_THETA_LOC,4712b049c43d32cc7ad2a5e113ed7f0280071cd5c9ed24b0527efffee392f8f4,COMPLETED,CERTIFIED_TASKSET,3.543093103,3.538402827,False,False,False
v93-u1-e1-t08-830e97821624,0.4,1,CW_D,84c202d962bf0295241ee5689a1f6b8c1730595230844481f88953ba3e6612c3,COMPLETED,CERTIFIED_TASKSET,4.798929202,4.794195131,False,False,False
v93-u1-e1-t08-830e97821624,0.4,1,LOC_D,4434efd7e11bbfcb9db1597b5508cc81c9f678438bb2eac1043028305cbbbcd4,COMPLETED,CERTIFIED_TASKSET,5.023345696,5.018064695,False,False,False
v93-u1-e1-t08-830e97821624,0.4,1,CW_THETA_CW,5893c5836e895f0924d3f320c9b181c8fa96c7a21c8d8ddb0bac61b9d7a6f7e7,COMPLETED,CERTIFIED_TASKSET,3.211442491,3.205990474,False,False,False
v93-u1-e1-t08-830e97821624,0.4,1,LOC_THETA_CW,ff8113bf244a61f363869bc7e0069dad404418df26a3ca02d6f1b4f1b8115789,COMPLETED,CERTIFIED_TASKSET,3.043215777,3.037922317,False,False,False
v93-u1-e1-t08-830e97821624,0.4,1,LOC_THETA_LOC,b7c1343805e13fd4c7aec339ca8f99ef81f5860482833542b9a05c5980ec78ba,COMPLETED,CERTIFIED_TASKSET,3.046352915,3.040067631,False,False,False
v93-u1-e1-t09-bf6a60203dd1,0.4,1,CW_D,5149984864e78f4796b900d23963434f1ce2db5db79f4227a49e8dead93ab909,COMPLETED,CERTIFIED_TASKSET,7.194501816,7.188880090,False,False,False
v93-u1-e1-t09-bf6a60203dd1,0.4,1,LOC_D,d960c4bc402f33cb195511edff488e07fa6288b41a3b8937cf7c7dd875fda97b,COMPLETED,CERTIFIED_TASKSET,7.281373978,7.276633059,False,False,False
v93-u1-e1-t09-bf6a60203dd1,0.4,1,CW_THETA_CW,3a141f7e48ee7037b24605b3e24dd8ae63d409691a88670d6f024b3b0f3b4282,COMPLETED,CERTIFIED_TASKSET,6.090196488,6.084421256,False,False,False
v93-u1-e1-t09-bf6a60203dd1,0.4,1,LOC_THETA_CW,4205476274427850d251ca9c4bdf801289b00b6c19b3bb2316b114a0104e1edc,COMPLETED,CERTIFIED_TASKSET,6.050766995,6.046121910,False,False,False
v93-u1-e1-t09-bf6a60203dd1,0.4,1,LOC_THETA_LOC,53354cc5de3371cb25701f4512e77eeb2839e94a2aaa4350ce4be4c65a296c3a,COMPLETED,CERTIFIED_TASKSET,6.070475695,6.063480256,False,False,False
v93-u2-e0-t00-0ca4013c06cb,0.6,0,CW_D,f2dc6af1524a9b304a38700c21858a3f4fff6e12f58ab42615e884dfd743aca3,NO_CANDIDATE,NOT_CERTIFIED,0.030765543,0.026074625,False,False,False
v93-u2-e0-t00-0ca4013c06cb,0.6,0,LOC_D,77fd64a6771f3c080fb83b4e2db27da3cfbb1d4d4549e4d7b1f7d5e11fbe2238,NO_CANDIDATE,NOT_CERTIFIED,0.033033158,0.028396246,False,False,False
v93-u2-e0-t00-0ca4013c06cb,0.6,0,CW_THETA_CW,7c8cc332732eb0f5312bcc789afbbc0a0d469b6bd63cd40d88ac288184048fb3,NO_CANDIDATE,NOT_CERTIFIED,0.032484687,0.027859966,False,False,False
v93-u2-e0-t00-0ca4013c06cb,0.6,0,LOC_THETA_CW,4ae0f6a3b6897f9a54d60118bb9dd2f599f23e115ca0f674a113a6fe3d62edaa,NOT_APPLICABLE_DEPENDENCY,NOT_APPLICABLE,0.007245942,0.002048872,False,False,False
v93-u2-e0-t00-0ca4013c06cb,0.6,0,LOC_THETA_LOC,cd882f4dd6acde43cc18d95802544d7bb5ca888b10d61f4d6052c1faa4143395,NO_CANDIDATE,NOT_CERTIFIED,0.033638738,0.029039448,False,False,False
v93-u2-e0-t01-8a0abf846560,0.6,0,CW_D,fbbc17cc6aef8203baca84e578c59c0adee8ed2f4e36412f331fa7e41031a2ce,NO_CANDIDATE,NOT_CERTIFIED,0.509727706,0.504031025,False,False,False
v93-u2-e0-t01-8a0abf846560,0.6,0,LOC_D,5f0252c98af7933afe4d4b9636c42726d40bcfef34321664179fe5c97efe0332,NO_CANDIDATE,NOT_CERTIFIED,0.469424101,0.465008160,False,False,False
v93-u2-e0-t01-8a0abf846560,0.6,0,CW_THETA_CW,91d8c47eaac71b2c74491863f1c5e657b7760da0d3f23809ae3b4f951a95097f,NO_CANDIDATE,NOT_CERTIFIED,0.483294032,0.476934835,False,False,False
v93-u2-e0-t01-8a0abf846560,0.6,0,LOC_THETA_CW,4be43443b99ea114d6ff6bb87d945ca530b2a527a50a211be12eea803487a30f,NOT_APPLICABLE_DEPENDENCY,NOT_APPLICABLE,0.005137333,0.001533392,False,False,False
v93-u2-e0-t01-8a0abf846560,0.6,0,LOC_THETA_LOC,f6c6cabf1612f937a6b77870976bb8db1ab15a567e58d83cf829fd8381fffb6d,NO_CANDIDATE,NOT_CERTIFIED,0.495083384,0.489572111,False,False,False
v93-u2-e0-t02-0ab632d93a24,0.6,0,CW_D,30d4869d0b2a20b374d4852cb84e2922171285daa78492e7bec9ad23739ecb49,NO_CANDIDATE,NOT_CERTIFIED,0.108549175,0.103557711,False,False,False
v93-u2-e0-t02-0ab632d93a24,0.6,0,LOC_D,3fec624a95d68e947481d8babff1a33d0717a5acae8eb2ecc49cec2b81aee9b4,NO_CANDIDATE,NOT_CERTIFIED,0.104005563,0.099464550,False,False,False
v93-u2-e0-t02-0ab632d93a24,0.6,0,CW_THETA_CW,f5b87555e054c2d708bb792168d802e98450c1c22241dcef205c37dd3e3ac687,NO_CANDIDATE,NOT_CERTIFIED,0.107972932,0.103433279,False,False,False
v93-u2-e0-t02-0ab632d93a24,0.6,0,LOC_THETA_CW,5dc404d729986b054163b990297675b05a68bf82ea233e8cfbdce3c6b27b04b2,NOT_APPLICABLE_DEPENDENCY,NOT_APPLICABLE,0.005538933,0.001491082,False,False,False
v93-u2-e0-t02-0ab632d93a24,0.6,0,LOC_THETA_LOC,5856114dbcb2b863daace7e57492116ddce951fe9485e00a3c069897ac1e706c,NO_CANDIDATE,NOT_CERTIFIED,0.106496538,0.100937268,False,False,False
v93-u2-e0-t03-2cd6bf38070d,0.6,0,CW_D,4b50fe343f8b3352a21804690bed5a3c37cf8ff6afd8e1bfa672e3932d2bdeca,NO_CANDIDATE,NOT_CERTIFIED,0.167774722,0.158214919,False,False,False
v93-u2-e0-t03-2cd6bf38070d,0.6,0,LOC_D,9a46c19fb0523e6855c8dda74e0acb7b21bf5ad0d4e14dd41ee5503416148471,NO_CANDIDATE,NOT_CERTIFIED,0.193711468,0.186627191,False,False,False
v93-u2-e0-t03-2cd6bf38070d,0.6,0,CW_THETA_CW,e9460eb053eb05750773f51ccc6499517a851c3d13d2dcb0f78cb434b683b881,NO_CANDIDATE,NOT_CERTIFIED,0.176763581,0.170564120,False,False,False
v93-u2-e0-t03-2cd6bf38070d,0.6,0,LOC_THETA_CW,5d5a7ffc67feff7120235bf4fbb12249eef7b35c4136888563f0e25988b1aa86,NOT_APPLICABLE_DEPENDENCY,NOT_APPLICABLE,0.006636033,0.001939283,False,False,False
v93-u2-e0-t03-2cd6bf38070d,0.6,0,LOC_THETA_LOC,fad9bf552122e6660357c0027e93f3c45aba71c269e7e98a59ad823ef3c74791,NO_CANDIDATE,NOT_CERTIFIED,0.177237015,0.171483295,False,False,False
v93-u2-e0-t04-2df71425ded4,0.6,0,CW_D,769dd07021e2626fe61102f3bc3ebd596d8a4f361fcf22eb9ae29072b41e28bb,NO_CANDIDATE,NOT_CERTIFIED,0.240731661,0.235519640,False,False,False
v93-u2-e0-t04-2df71425ded4,0.6,0,LOC_D,683eee89a9a30216d6e6fcc348dbe0f511947c53fe9ce5246bb6edff419c2208,NO_CANDIDATE,NOT_CERTIFIED,0.252446713,0.247530800,False,False,False
v93-u2-e0-t04-2df71425ded4,0.6,0,CW_THETA_CW,fe5f7f22e087f82846f45018ccc83559e54086ec908fdecd485b93b74118ae42,NO_CANDIDATE,NOT_CERTIFIED,0.255262784,0.248327422,False,False,False
v93-u2-e0-t04-2df71425ded4,0.6,0,LOC_THETA_CW,bacaa79825c6e3661e27f530262b0c61db2e6f75ae608079a4fc076f3e9727f6,NOT_APPLICABLE_DEPENDENCY,NOT_APPLICABLE,0.007030819,0.002041337,False,False,False
v93-u2-e0-t04-2df71425ded4,0.6,0,LOC_THETA_LOC,89a8327fe9bbd9636b8d29f82f231af4961c7cf0c3626ab2a63167d58b0f9bf4,NO_CANDIDATE,NOT_CERTIFIED,0.225247014,0.220356135,False,False,False
v93-u2-e0-t05-848cd519285d,0.6,0,CW_D,a04c43810341e3aa00fcfab5e28a7c5abda5b9de5689e78a06d7e0c465f1d17f,NO_CANDIDATE,NOT_CERTIFIED,0.217575570,0.212490759,False,False,False
v93-u2-e0-t05-848cd519285d,0.6,0,LOC_D,4d840b0eb7f444d41445e60c23a8f6d0e6aa7a6dbf25af9689f268be0eacf62a,NO_CANDIDATE,NOT_CERTIFIED,0.221825515,0.215744018,False,False,False
v93-u2-e0-t05-848cd519285d,0.6,0,CW_THETA_CW,307070532208341cd22fa39948d647694d672cfcb90928fc12ffafce6ed3e956,NO_CANDIDATE,NOT_CERTIFIED,0.229164499,0.224611671,False,False,False
v93-u2-e0-t05-848cd519285d,0.6,0,LOC_THETA_CW,7e86c3eca536dd049ee8862c1a3b5ff6bb97c9bb74b560b0a61fec8c1ea768db,NOT_APPLICABLE_DEPENDENCY,NOT_APPLICABLE,0.007748221,0.002467025,False,False,False
v93-u2-e0-t05-848cd519285d,0.6,0,LOC_THETA_LOC,fd6475b31cc6f5ff2f8f51145e8acfc43c067b1eafe5a256fe3cdfe6dcd1ab5f,NO_CANDIDATE,NOT_CERTIFIED,0.251137377,0.244952309,False,False,False
v93-u2-e0-t06-05cd2ffe43cd,0.6,0,CW_D,2ef22d3bb7872ae0f6466f1a8a972b04487842270c8d0bd74393d28698447b58,NO_CANDIDATE,NOT_CERTIFIED,0.145909092,0.140219309,False,False,False
v93-u2-e0-t06-05cd2ffe43cd,0.6,0,LOC_D,1c0d93e09f85f923963b11cd026b35e6331379ffa3eed577845a7ce00b22b2fb,NO_CANDIDATE,NOT_CERTIFIED,0.147865556,0.142929386,False,False,False
v93-u2-e0-t06-05cd2ffe43cd,0.6,0,CW_THETA_CW,9c1bde5038d1c54adf49512830ff0aad20e8ddac05ae1e9c62029984e6656a53,NO_CANDIDATE,NOT_CERTIFIED,0.144325135,0.139912325,False,False,False
v93-u2-e0-t06-05cd2ffe43cd,0.6,0,LOC_THETA_CW,d5471f118f386b94a198fd07de784c0d009419a0e9118b207cc6950765f4c89a,NOT_APPLICABLE_DEPENDENCY,NOT_APPLICABLE,0.005900837,0.001589650,False,False,False
v93-u2-e0-t06-05cd2ffe43cd,0.6,0,LOC_THETA_LOC,ffa2bd67563cce010f9034e812094bd200df4d54c945f5cba2694617e6b75c61,NO_CANDIDATE,NOT_CERTIFIED,0.146749911,0.142031139,False,False,False
v93-u2-e0-t07-42029532ea37,0.6,0,CW_D,eabad1ab5c9bfb645633c94b7f99ac27b232f8a20ed7193422d9a674b2a09c2b,NO_CANDIDATE,NOT_CERTIFIED,0.208034938,0.203123237,False,False,False
v93-u2-e0-t07-42029532ea37,0.6,0,LOC_D,ab25070b9d965e05a66190f7e68501b19be0cc4b52c4cf366c42d9041973a88c,NO_CANDIDATE,NOT_CERTIFIED,0.194450226,0.189838053,False,False,False
v93-u2-e0-t07-42029532ea37,0.6,0,CW_THETA_CW,f62de3e912aad13e8cb85026079a63e7efa64525efbc5f7f49e1b7a6ca614695,NO_CANDIDATE,NOT_CERTIFIED,0.204837938,0.200471571,False,False,False
v93-u2-e0-t07-42029532ea37,0.6,0,LOC_THETA_CW,02957e16c0eb542093a009ac4c679dd21c4e7034fc6368edcb3ec652a0684106,NOT_APPLICABLE_DEPENDENCY,NOT_APPLICABLE,0.005224456,0.001578127,False,False,False
v93-u2-e0-t07-42029532ea37,0.6,0,LOC_THETA_LOC,99434a2b6adfa14bfe8d83954b642e08cdb319368cf09ecb775503985c792d47,NO_CANDIDATE,NOT_CERTIFIED,0.198835676,0.194181437,False,False,False
v93-u2-e0-t08-0e62c8670e52,0.6,0,CW_D,4957e71cf2952507e4210a9f862e1acfcd30f4e3cc58b4a452faf92326683665,NO_CANDIDATE,NOT_CERTIFIED,0.385035846,0.379123046,False,False,False
v93-u2-e0-t08-0e62c8670e52,0.6,0,LOC_D,e66957f41c2ef4fb02ee1338b9f5427713e609e43ce55f4038f0595a96049a1b,NO_CANDIDATE,NOT_CERTIFIED,0.386904192,0.382564021,False,False,False
v93-u2-e0-t08-0e62c8670e52,0.6,0,CW_THETA_CW,ad841deb220f0a5647536d6c51c6735c7ef055b5e4eaf4f2a8dcb8c0addef486,NO_CANDIDATE,NOT_CERTIFIED,0.387688763,0.382914520,False,False,False
v93-u2-e0-t08-0e62c8670e52,0.6,0,LOC_THETA_CW,0104824e2aee540a2a18562c87200a27f6d3d0ae8c4637bd067bcb83d0847a03,NOT_APPLICABLE_DEPENDENCY,NOT_APPLICABLE,0.005930804,0.001715468,False,False,False
v93-u2-e0-t08-0e62c8670e52,0.6,0,LOC_THETA_LOC,b44093c0019d7d65987d527ad6a7386138ca36344b3adce2981d528b0bbc1495,NO_CANDIDATE,NOT_CERTIFIED,0.413322768,0.409037451,False,False,False
v93-u2-e0-t09-e09a27db06a2,0.6,0,CW_D,2a3a4e38ed504fcd8a6256dc21a96fe0950261163b0ede2c44dd32e05a893a4e,NO_CANDIDATE,NOT_CERTIFIED,0.229720929,0.224295878,False,False,False
v93-u2-e0-t09-e09a27db06a2,0.6,0,LOC_D,a48e36ecd2cdc4722f5a08ba776d0a08b1a903ae4ca8276510d47be9b7c3a771,NO_CANDIDATE,NOT_CERTIFIED,0.220328948,0.215602566,False,False,False
v93-u2-e0-t09-e09a27db06a2,0.6,0,CW_THETA_CW,6ba7d29efe9361e65a751457f64a65d8b1c8413e3fd29597720aeb6239529cfb,NO_CANDIDATE,NOT_CERTIFIED,0.214501254,0.210353174,False,False,False
v93-u2-e0-t09-e09a27db06a2,0.6,0,LOC_THETA_CW,a6269b9b6025edc581cd1734b982b729a603363844b14e5c0fbd0d1ebdc5c1b0,NOT_APPLICABLE_DEPENDENCY,NOT_APPLICABLE,0.006179206,0.002023363,False,False,False
v93-u2-e0-t09-e09a27db06a2,0.6,0,LOC_THETA_LOC,9d3f1bc46c2e05c8f088363189e4d256fbb9c3446db3d780fbe1d37833bf7e6e,NO_CANDIDATE,NOT_CERTIFIED,0.232751558,0.227839962,False,False,False
v93-u2-e1-t00-0dbe5034b87f,0.6,1,CW_D,f23c6d60ef1305bd8f50ffe12f1e1d7637d9b82e618c18d3e769c0d8501f705e,TIMEOUT,NOT_CERTIFIED,15.059551296,15.053772440,True,False,False
v93-u2-e1-t00-0dbe5034b87f,0.6,1,LOC_D,a8bd2bd6ae6bcfe20a1d9bcb736e70bfe8ba456fb1d7d0156b0b0560de14e4c3,TIMEOUT,NOT_CERTIFIED,15.168618984,15.163690715,True,False,False
v93-u2-e1-t00-0dbe5034b87f,0.6,1,CW_THETA_CW,d4c2f163148a93382f61a7d5f200abc125e64058fc74936f0a15fa907017ead5,NO_CANDIDATE,NOT_CERTIFIED,12.276218863,12.271153630,False,False,False
v93-u2-e1-t00-0dbe5034b87f,0.6,1,LOC_THETA_CW,c9b63778412cee26fc61ecf5a835f43ea67341ad6003c03c3412c315b1cd7d76,NOT_APPLICABLE_DEPENDENCY,NOT_APPLICABLE,0.005359750,0.001668159,False,False,False
v93-u2-e1-t00-0dbe5034b87f,0.6,1,LOC_THETA_LOC,3da001d07757925267d47d694b848c3f49dfe2ece4506892dfa79f486a9feb72,NO_CANDIDATE,NOT_CERTIFIED,12.480315530,12.475465466,False,False,False
v93-u2-e1-t01-6697f33949cc,0.6,1,CW_D,82cb6e0012117d71c447668712bc7540a9bd1f8e01114973a35ba647cd84a304,NO_CANDIDATE,NOT_CERTIFIED,8.223630594,8.218634547,False,False,False
v93-u2-e1-t01-6697f33949cc,0.6,1,LOC_D,087dca058c62acf6a2b6b6635140ee39831e9c89e92bbf908fbfded76cd8197c,NO_CANDIDATE,NOT_CERTIFIED,8.050360907,8.045458626,False,False,False
v93-u2-e1-t01-6697f33949cc,0.6,1,CW_THETA_CW,24bdcf5fb10951afc96c2d9c3dfadfae880a16f6ce0905494ff0aa3a713f7733,COMPLETED,CERTIFIED_TASKSET,8.752917189,8.748467618,False,False,False
v93-u2-e1-t01-6697f33949cc,0.6,1,LOC_THETA_CW,927a6766a24c26d06c0082a87994fe0c0c09980f5e57580d090339be99f097e7,COMPLETED,CERTIFIED_TASKSET,8.994075604,8.989428673,False,False,False
v93-u2-e1-t01-6697f33949cc,0.6,1,LOC_THETA_LOC,1c6176c178d6fada9d97d5e70613493985d8c1201fe20fac83552cbff71a576d,COMPLETED,CERTIFIED_TASKSET,8.949290822,8.944330575,False,False,False
v93-u2-e1-t02-469bf33097c0,0.6,1,CW_D,75c69759020e4616551c5896b9ea4f8b29fccd6f700393e4a0adac1ffa7789dd,NO_CANDIDATE,NOT_CERTIFIED,3.883534141,3.877250570,False,False,False
v93-u2-e1-t02-469bf33097c0,0.6,1,LOC_D,19822493754128f8efbad8644d12849091044fc89ecb57b1cbda1125a3894a51,NO_CANDIDATE,NOT_CERTIFIED,4.226879307,4.220191075,False,False,False
v93-u2-e1-t02-469bf33097c0,0.6,1,CW_THETA_CW,499cebe755d80dc1f1b3b2118fb02e09831148bd59e235fd35281757895c2ca9,COMPLETED,CERTIFIED_TASKSET,3.213403996,3.208560494,False,False,False
v93-u2-e1-t02-469bf33097c0,0.6,1,LOC_THETA_CW,0e94958358eb49c886371e530bc268237195a9d0cdf17a3e5138a61983c69e16,COMPLETED,CERTIFIED_TASKSET,3.102074231,3.097395964,False,False,False
v93-u2-e1-t02-469bf33097c0,0.6,1,LOC_THETA_LOC,f1e19b5e7cec880512a16292892475c396c4989a3ac70284c4ddcdd4f1a17e73,COMPLETED,CERTIFIED_TASKSET,3.177014865,3.170977327,False,False,False
v93-u2-e1-t03-d280354cc2e9,0.6,1,CW_D,d3a5ba6e050e20ffd1b63452690c3de3afc0e04df6bb70c7212bd88211e0bf28,TIMEOUT,NOT_CERTIFIED,15.127898901,15.121671697,True,False,False
v93-u2-e1-t03-d280354cc2e9,0.6,1,LOC_D,6820646931e8eb40370a9fd50af3af5df7a3c1c6a36d934fe7a4e3f1451dda50,TIMEOUT,NOT_CERTIFIED,15.063835786,15.058904987,True,False,False
v93-u2-e1-t03-d280354cc2e9,0.6,1,CW_THETA_CW,0366260d0250fa08247f8cd710908f9e3d12d90cf29d7d475e209d7ced693717,TIMEOUT,NOT_CERTIFIED,15.025198910,15.019398745,True,False,False
v93-u2-e1-t03-d280354cc2e9,0.6,1,LOC_THETA_CW,f5251a3019dcd91a60bf4a34b485221fed2a38ad1051a9b7cb2b3953591884d8,NOT_APPLICABLE_DEPENDENCY,NOT_APPLICABLE,0.005765395,0.001707443,False,False,False
v93-u2-e1-t03-d280354cc2e9,0.6,1,LOC_THETA_LOC,26f842e2283a517c7b1fef4a7fe4346292e432d6095cf863f48eee09597a7d1c,TIMEOUT,NOT_CERTIFIED,15.045003613,15.039205507,True,False,False
v93-u2-e1-t04-23bfb5baae6d,0.6,1,CW_D,52d8923a1296f0d2d1e739ef5fe625ef9183383b71faa6080250c287e62341c6,TIMEOUT,NOT_CERTIFIED,15.118474692,15.112858108,True,False,False
v93-u2-e1-t04-23bfb5baae6d,0.6,1,LOC_D,5c7b364571c625194ca46e16a78ff0700248885199f20f06e9f87eefd4a08fe8,TIMEOUT,NOT_CERTIFIED,15.018212703,15.013302100,True,False,False
v93-u2-e1-t04-23bfb5baae6d,0.6,1,CW_THETA_CW,1ebe2489fa20cb74d5f0ae039666c04a5bacd66fdd515be8a7b37d7d2c73a24d,TIMEOUT,NOT_CERTIFIED,15.040061208,15.034715740,True,False,False
v93-u2-e1-t04-23bfb5baae6d,0.6,1,LOC_THETA_CW,eb8a6b6ba1d76c6c183ef96aade01d557385410038c6e58ceba8ae30a01a0041,NOT_APPLICABLE_DEPENDENCY,NOT_APPLICABLE,0.006034149,0.001700259,False,False,False
v93-u2-e1-t04-23bfb5baae6d,0.6,1,LOC_THETA_LOC,a74fc102b9ba4b95e98acf1911f81eca26348f2b377fa52d1a777c3ecaf8a46e,TIMEOUT,NOT_CERTIFIED,15.057721915,15.049565154,True,False,False
v93-u2-e1-t05-dc67e79d415a,0.6,1,CW_D,5f78c1406b5348116645adfd17a2085fd62be5828cff3a256f2778a3ba8e9242,TIMEOUT,NOT_CERTIFIED,15.126584972,15.119283786,True,False,False
v93-u2-e1-t05-dc67e79d415a,0.6,1,LOC_D,e05818f41396d88176fc32f4a359c560691b64b273b29f9b792c92417783e625,TIMEOUT,NOT_CERTIFIED,15.144272571,15.138941107,True,False,False
v93-u2-e1-t05-dc67e79d415a,0.6,1,CW_THETA_CW,d94f03e28c4556b6394464c6f5cb5cce7e06c2d2b7b436327e68a262e97327f3,TIMEOUT,NOT_CERTIFIED,15.083233024,15.078036691,True,False,False
v93-u2-e1-t05-dc67e79d415a,0.6,1,LOC_THETA_CW,06e86def92e7a16883acf43e8e7d3c15e71e39d02642ff0e5017f1dd0d9fc05c,NOT_APPLICABLE_DEPENDENCY,NOT_APPLICABLE,0.006576746,0.001744082,False,False,False
v93-u2-e1-t05-dc67e79d415a,0.6,1,LOC_THETA_LOC,1b57dccfde74c5cfb12995da2f4f4e816a7a4c217cc57d147639f5b10ee21372,TIMEOUT,NOT_CERTIFIED,15.044061638,15.038763915,True,False,False
v93-u2-e1-t06-74861e481f42,0.6,1,CW_D,72f440b6c390ec1eaca92dc9c6c8fabf1489b3091f60ac927169032c7281c206,COMPLETED,CERTIFIED_TASKSET,13.665541069,13.658554773,False,False,False
v93-u2-e1-t06-74861e481f42,0.6,1,LOC_D,35f4472695b05d61b9668d65b726de960d0e7f8cbc5d5854e592d4bcfec3014a,COMPLETED,CERTIFIED_TASKSET,13.522390241,13.517516052,False,False,False
v93-u2-e1-t06-74861e481f42,0.6,1,CW_THETA_CW,c3bfcd6bf2f2b52dbab8be4e3faccb2eab421ddeaf6b02fc49bf890bef074911,COMPLETED,CERTIFIED_TASKSET,10.847151226,10.841555896,False,False,False
v93-u2-e1-t06-74861e481f42,0.6,1,LOC_THETA_CW,75f3665a0a2c97d96a7ecb5c1fca1681d5e06bd1ac283ed47436245979b091b2,COMPLETED,CERTIFIED_TASKSET,10.810016682,10.805098924,False,False,False
v93-u2-e1-t06-74861e481f42,0.6,1,LOC_THETA_LOC,2c07bee495b7489d550589c7b0fdef3563d6cd51e8010eb694643836596a771e,COMPLETED,CERTIFIED_TASKSET,11.562295004,11.556688009,False,False,False
v93-u2-e1-t07-1de316c64ec8,0.6,1,CW_D,4bac2b9251d442bc2f56a2f6628fad368c38bf5297cfb41836ec7850b7adc3b4,NO_CANDIDATE,NOT_CERTIFIED,6.565010094,6.559416482,False,False,False
v93-u2-e1-t07-1de316c64ec8,0.6,1,LOC_D,7fe1eeeb5f757042da588c0482a9eea013cb5a31c07b9eae63753da2ff39deb7,NO_CANDIDATE,NOT_CERTIFIED,6.357364124,6.352397928,False,False,False
v93-u2-e1-t07-1de316c64ec8,0.6,1,CW_THETA_CW,83122e48f9ec2d8c563663583c9e2eda3c85f41716f4cabdbf1419615d93e50d,COMPLETED,CERTIFIED_TASKSET,14.304402830,14.298137205,False,False,False
v93-u2-e1-t07-1de316c64ec8,0.6,1,LOC_THETA_CW,b2c1dbc3b8307548511959b2009d1d6092c811fe51161684084e72fcf73cf8da,TIMEOUT,NOT_CERTIFIED,15.016202932,15.010831837,True,False,False
v93-u2-e1-t07-1de316c64ec8,0.6,1,LOC_THETA_LOC,38cd87f510dbbc7d14b613aae36e86da5c1bfb7b8aa710a8286ee20d02f70226,TIMEOUT,NOT_CERTIFIED,15.009236564,15.001816387,True,False,False
v93-u2-e1-t08-17ccce2d4ba7,0.6,1,CW_D,6bf9add17d889c33441e493997b070ec1d7dbaebde71add4b9173591872d3d1b,TIMEOUT,NOT_CERTIFIED,15.028282887,15.022166613,True,False,False
v93-u2-e1-t08-17ccce2d4ba7,0.6,1,LOC_D,36ef0fbb1bdb4bcfb7e44b1b5c1e23325a7fe13dda43d3ff21e5df7f6903bfe9,TIMEOUT,NOT_CERTIFIED,15.176579719,15.171202648,True,False,False
v93-u2-e1-t08-17ccce2d4ba7,0.6,1,CW_THETA_CW,7c2423348be503933575a6b70fb3e360d972039ee1a6b7318579f97ce9acb5ee,TIMEOUT,NOT_CERTIFIED,15.257387920,15.251375107,True,False,False
v93-u2-e1-t08-17ccce2d4ba7,0.6,1,LOC_THETA_CW,315305a3563c585cbad6350968a8db4a7321f8e3fab46bdc1756775389fd95dc,NOT_APPLICABLE_DEPENDENCY,NOT_APPLICABLE,0.006308751,0.001689619,False,False,False
v93-u2-e1-t08-17ccce2d4ba7,0.6,1,LOC_THETA_LOC,2ddbfeb995e137dc977bd4ccacf9772cb75fb82045c490cd3ff41087fd9f2d1b,TIMEOUT,NOT_CERTIFIED,15.262919041,15.256277302,True,False,False
v93-u2-e1-t09-578372cb5af5,0.6,1,CW_D,be5da115ab75ec61e8c1468842e625941260d971a1b6c87e4fad9bee06e71361,NO_CANDIDATE,NOT_CERTIFIED,11.359210422,11.351655262,False,False,False
v93-u2-e1-t09-578372cb5af5,0.6,1,LOC_D,9ae35b53f0fb624a1d4c8f94e648a1b299c2122215c16461e5be3725be37e44a,NO_CANDIDATE,NOT_CERTIFIED,11.676332382,11.669421437,False,False,False
v93-u2-e1-t09-578372cb5af5,0.6,1,CW_THETA_CW,f010b11c6dda94c3ea788d14cbbd5cda5c019383103edf619d50da7757c3aed0,TIMEOUT,NOT_CERTIFIED,15.008960812,15.002810944,True,False,False
v93-u2-e1-t09-578372cb5af5,0.6,1,LOC_THETA_CW,ebe4c59f121ece05f67b1322d4317bfca19e881eeb5bee9224406505d8a0eb5e,NOT_APPLICABLE_DEPENDENCY,NOT_APPLICABLE,0.008521185,0.002609296,False,False,False
v93-u2-e1-t09-578372cb5af5,0.6,1,LOC_THETA_LOC,16628e337e4365c2767408bab9b58860dc6586af69915a0d3b93250c04303c00,TIMEOUT,NOT_CERTIFIED,15.008911640,15.003272252,True,False,False
