phase,cell_id,utilization,exact_e0,taskset_id,relation,task_id,priority_rank,complete_solver_status,local_solver_status,complete_certification_status,local_certification_status,complete_candidate,local_candidate,response_relation,response_reduction,strict_response,local_only_candidate,certification_gain,diagnostic_status,strict_envelope_count,local_only_closure_count
A,0fdf6d8e6f83a7f6db66488768af9ba99458aace827756a9756e2ec6824acfb4,3/10,21473099401200000281/200000000000000000000,v93-cfffce69e8-t00000-3b4a9aaf332f,DEADLINE_CARRY_IN,0,0,CANDIDATE_FOUND,CANDIDATE_FOUND,CERTIFIED,CERTIFIED,5,5,EQUAL,0,False,False,False,TRACED_COMPLETE,0,0
A,0fdf6d8e6f83a7f6db66488768af9ba99458aace827756a9756e2ec6824acfb4,3/10,21473099401200000281/200000000000000000000,v93-cfffce69e8-t00000-3b4a9aaf332f,DEADLINE_CARRY_IN,1,1,CANDIDATE_FOUND,CANDIDATE_FOUND,CERTIFIED,CERTIFIED,4,4,EQUAL,0,False,False,False,TRACED_COMPLETE,0,0
A,0fdf6d8e6f83a7f6db66488768af9ba99458aace827756a9756e2ec6824acfb4,3/10,21473099401200000281/200000000000000000000,v93-cfffce69e8-t00000-3b4a9aaf332f,DEADLINE_CARRY_IN,2,2,CANDIDATE_FOUND,CANDIDATE_FOUND,CERTIFIED,CERTIFIED,22,22,EQUAL,0,False,False,False,TRACED_COMPLETE,0,0
A,0fdf6d8e6f83a7f6db66488768af9ba99458aace827756a9756e2ec6824acfb4,3/10,21473099401200000281/200000000000000000000,v93-cfffce69e8-t00000-3b4a9aaf332f,DEADLINE_CARRY_IN,3,3,CANDIDATE_FOUND,CANDIDATE_FOUND,CERTIFIED,CERTIFIED,5,5,EQUAL,0,False,False,False,TRACED_COMPLETE,0,0
A,0fdf6d8e6f83a7f6db66488768af9ba99458aace827756a9756e2ec6824acfb4,3/10,21473099401200000281/200000000000000000000,v93-cfffce69e8-t00000-3b4a9aaf332f,DEADLINE_CARRY_IN,4,4,CANDIDATE_FOUND,CANDIDATE_FOUND,CERTIFIED,CERTIFIED,15,15,EQUAL,0,False,False,False,TRACED_COMPLETE,0,0
A,0fdf6d8e6f83a7f6db66488768af9ba99458aace827756a9756e2ec6824acfb4,3/10,21473099401200000281/200000000000000000000,v93-cfffce69e8-t00000-3b4a9aaf332f,DEADLINE_CARRY_IN,5,5,CANDIDATE_FOUND,CANDIDATE_FOUND,CERTIFIED,CERTIFIED,31,31,EQUAL,0,False,False,False,TRACED_COMPLETE,0,0
A,0fdf6d8e6f83a7f6db66488768af9ba99458aace827756a9756e2ec6824acfb4,3/10,21473099401200000281/200000000000000000000,v93-cfffce69e8-t00000-3b4a9aaf332f,DEADLINE_CARRY_IN,6,6,CANDIDATE_FOUND,CANDIDATE_FOUND,CERTIFIED,CERTIFIED,19,19,EQUAL,0,False,False,False,TRACED_COMPLETE,0,0
A,0fdf6d8e6f83a7f6db66488768af9ba99458aace827756a9756e2ec6824acfb4,3/10,21473099401200000281/200000000000000000000,v93-cfffce69e8-t00000-3b4a9aaf332f,DEADLINE_CARRY_IN,7,7,CANDIDATE_FOUND,CANDIDATE_FOUND,CERTIFIED,CERTIFIED,51,51,EQUAL,0,False,False,False,TRACED_COMPLETE,40,0
A,0fdf6d8e6f83a7f6db66488768af9ba99458aace827756a9756e2ec6824acfb4,3/10,21473099401200000281/200000000000000000000,v93-cfffce69e8-t00000-3b4a9aaf332f,DEADLINE_CARRY_IN,8,8,CANDIDATE_FOUND,CANDIDATE_FOUND,CERTIFIED,CERTIFIED,117,117,EQUAL,0,False,False,False,TRACED_COMPLETE,111,0
A,0fdf6d8e6f83a7f6db66488768af9ba99458aace827756a9756e2ec6824acfb4,3/10,21473099401200000281/200000000000000000000,v93-cfffce69e8-t00000-3b4a9aaf332f,DEADLINE_CARRY_IN,9,9,CANDIDATE_FOUND,CANDIDATE_FOUND,CERTIFIED,CERTIFIED,42,42,EQUAL,0,False,False,False,TRACED_COMPLETE,31,0
A,0fdf6d8e6f83a7f6db66488768af9ba99458aace827756a9756e2ec6824acfb4,3/10,21473099401200000281/200000000000000000000,v93-cfffce69e8-t00000-3b4a9aaf332f,FIXED_CW_CARRY_IN,0,0,CANDIDATE_FOUND,CANDIDATE_FOUND,CERTIFIED,CERTIFIED,5,5,EQUAL,0,False,False,False,TRACED_COMPLETE,0,0
A,0fdf6d8e6f83a7f6db66488768af9ba99458aace827756a9756e2ec6824acfb4,3/10,21473099401200000281/200000000000000000000,v93-cfffce69e8-t00000-3b4a9aaf332f,FIXED_CW_CARRY_IN,1,1,CANDIDATE_FOUND,CANDIDATE_FOUND,CERTIFIED,CERTIFIED,4,4,EQUAL,0,False,False,False,TRACED_COMPLETE,0,0
A,0fdf6d8e6f83a7f6db66488768af9ba99458aace827756a9756e2ec6824acfb4,3/10,21473099401200000281/200000000000000000000,v93-cfffce69e8-t00000-3b4a9aaf332f,FIXED_CW_CARRY_IN,2,2,CANDIDATE_FOUND,CANDIDATE_FOUND,CERTIFIED,CERTIFIED,22,22,EQUAL,0,False,False,False,TRACED_COMPLETE,0,0
A,0fdf6d8e6f83a7f6db66488768af9ba99458aace827756a9756e2ec6824acfb4,3/10,21473099401200000281/200000000000000000000,v93-cfffce69e8-t00000-3b4a9aaf332f,FIXED_CW_CARRY_IN,3,3,CANDIDATE_FOUND,CANDIDATE_FOUND,CERTIFIED,CERTIFIED,5,5,EQUAL,0,False,False,False,TRACED_COMPLETE,0,0
A,0fdf6d8e6f83a7f6db66488768af9ba99458aace827756a9756e2ec6824acfb4,3/10,21473099401200000281/200000000000000000000,v93-cfffce69e8-t00000-3b4a9aaf332f,FIXED_CW_CARRY_IN,4,4,CANDIDATE_FOUND,CANDIDATE_FOUND,CERTIFIED,CERTIFIED,14,14,EQUAL,0,False,False,False,TRACED_COMPLETE,0,0
A,0fdf6d8e6f83a7f6db66488768af9ba99458aace827756a9756e2ec6824acfb4,3/10,21473099401200000281/200000000000000000000,v93-cfffce69e8-t00000-3b4a9aaf332f,FIXED_CW_CARRY_IN,5,5,CANDIDATE_FOUND,CANDIDATE_FOUND,CERTIFIED,CERTIFIED,27,27,EQUAL,0,False,False,False,TRACED_COMPLETE,0,0
A,0fdf6d8e6f83a7f6db66488768af9ba99458aace827756a9756e2ec6824acfb4,3/10,21473099401200000281/200000000000000000000,v93-cfffce69e8-t00000-3b4a9aaf332f,FIXED_CW_CARRY_IN,6,6,CANDIDATE_FOUND,CANDIDATE_FOUND,CERTIFIED,CERTIFIED,15,15,EQUAL,0,False,False,False,TRACED_COMPLETE,0,0
A,0fdf6d8e6f83a7f6db66488768af9ba99458aace827756a9756e2ec6824acfb4,3/10,21473099401200000281/200000000000000000000,v93-cfffce69e8-t00000-3b4a9aaf332f,FIXED_CW_CARRY_IN,7,7,CANDIDATE_FOUND,CANDIDATE_FOUND,CERTIFIED,CERTIFIED,42,42,EQUAL,0,False,False,False,TRACED_COMPLETE,0,0
A,0fdf6d8e6f83a7f6db66488768af9ba99458aace827756a9756e2ec6824acfb4,3/10,21473099401200000281/200000000000000000000,v93-cfffce69e8-t00000-3b4a9aaf332f,FIXED_CW_CARRY_IN,8,8,CANDIDATE_FOUND,CANDIDATE_FOUND,CERTIFIED,CERTIFIED,104,104,EQUAL,0,False,False,False,TRACED_COMPLETE,80,0
A,0fdf6d8e6f83a7f6db66488768af9ba99458aace827756a9756e2ec6824acfb4,3/10,21473099401200000281/200000000000000000000,v93-cfffce69e8-t00000-3b4a9aaf332f,FIXED_CW_CARRY_IN,9,9,CANDIDATE_FOUND,CANDIDATE_FOUND,CERTIFIED,CERTIFIED,36,36,EQUAL,0,False,False,False,TRACED_COMPLETE,0,0
A,0fdf6d8e6f83a7f6db66488768af9ba99458aace827756a9756e2ec6824acfb4,3/10,21473099401200000281/200000000000000000000,v93-cfffce69e8-t00000-3b4a9aaf332f,RECURSIVE_CARRY_IN,0,0,CANDIDATE_FOUND,CANDIDATE_FOUND,CERTIFIED,CERTIFIED,5,5,EQUAL,0,False,False,False,NOT_APPLICABLE_RECURSIVE,0,0
A,0fdf6d8e6f83a7f6db66488768af9ba99458aace827756a9756e2ec6824acfb4,3/10,21473099401200000281/200000000000000000000,v93-cfffce69e8-t00000-3b4a9aaf332f,RECURSIVE_CARRY_IN,1,1,CANDIDATE_FOUND,CANDIDATE_FOUND,CERTIFIED,CERTIFIED,4,4,EQUAL,0,False,False,False,NOT_APPLICABLE_RECURSIVE,0,0
A,0fdf6d8e6f83a7f6db66488768af9ba99458aace827756a9756e2ec6824acfb4,3/10,21473099401200000281/200000000000000000000,v93-cfffce69e8-t00000-3b4a9aaf332f,RECURSIVE_CARRY_IN,2,2,CANDIDATE_FOUND,CANDIDATE_FOUND,CERTIFIED,CERTIFIED,22,22,EQUAL,0,False,False,False,NOT_APPLICABLE_RECURSIVE,0,0
A,0fdf6d8e6f83a7f6db66488768af9ba99458aace827756a9756e2ec6824acfb4,3/10,21473099401200000281/200000000000000000000,v93-cfffce69e8-t00000-3b4a9aaf332f,RECURSIVE_CARRY_IN,3,3,CANDIDATE_FOUND,CANDIDATE_FOUND,CERTIFIED,CERTIFIED,5,5,EQUAL,0,False,False,False,NOT_APPLICABLE_RECURSIVE,0,0
A,0fdf6d8e6f83a7f6db66488768af9ba99458aace827756a9756e2ec6824acfb4,3/10,21473099401200000281/200000000000000000000,v93-cfffce69e8-t00000-3b4a9aaf332f,RECURSIVE_CARRY_IN,4,4,CANDIDATE_FOUND,CANDIDATE_FOUND,CERTIFIED,CERTIFIED,14,14,EQUAL,0,False,False,False,NOT_APPLICABLE_RECURSIVE,0,0
A,0fdf6d8e6f83a7f6db66488768af9ba99458aace827756a9756e2ec6824acfb4,3/10,21473099401200000281/200000000000000000000,v93-cfffce69e8-t00000-3b4a9aaf332f,RECURSIVE_CARRY_IN,5,5,CANDIDATE_FOUND,CANDIDATE_FOUND,CERTIFIED,CERTIFIED,27,27,EQUAL,0,False,False,False,NOT_APPLICABLE_RECURSIVE,0,0
A,0fdf6d8e6f83a7f6db66488768af9ba99458aace827756a9756e2ec6824acfb4,3/10,21473099401200000281/200000000000000000000,v93-cfffce69e8-t00000-3b4a9aaf332f,RECURSIVE_CARRY_IN,6,6,CANDIDATE_FOUND,CANDIDATE_FOUND,CERTIFIED,CERTIFIED,15,15,EQUAL,0,False,False,False,NOT_APPLICABLE_RECURSIVE,0,0
A,0fdf6d8e6f83a7f6db66488768af9ba99458aace827756a9756e2ec6824acfb4,3/10,21473099401200000281/200000000000000000000,v93-cfffce69e8-t00000-3b4a9aaf332f,RECURSIVE_CARRY_IN,7,7,CANDIDATE_FOUND,CANDIDATE_FOUND,CERTIFIED,CERTIFIED,42,42,EQUAL,0,False,False,False,NOT_APPLICABLE_RECURSIVE,0,0
A,0fdf6d8e6f83a7f6db66488768af9ba99458aace827756a9756e2ec6824acfb4,3/10,21473099401200000281/200000000000000000000,v93-cfffce69e8-t00000-3b4a9aaf332f,RECURSIVE_CARRY_IN,8,8,CANDIDATE_FOUND,CANDIDATE_FOUND,CERTIFIED,CERTIFIED,104,104,EQUAL,0,False,False,False,NOT_APPLICABLE_RECURSIVE,0,0
A,0fdf6d8e6f83a7f6db66488768af9ba99458aace827756a9756e2ec6824acfb4,3/10,21473099401200000281/200000000000000000000,v93-cfffce69e8-t00000-3b4a9aaf332f,RECURSIVE_CARRY_IN,9,9,CANDIDATE_FOUND,CANDIDATE_FOUND,CERTIFIED,CERTIFIED,36,36,EQUAL,0,False,False,False,NOT_APPLICABLE_RECURSIVE,0,0
A,6c35ae1fbc861f44a6d0accc5bc399855f3693f6014fdfdacf821b2a2e743986,3/10,1,v93-cfffce69e8-t00000-3b4a9aaf332f,DEADLINE_CARRY_IN,0,0,CANDIDATE_FOUND,CANDIDATE_FOUND,CERTIFIED,CERTIFIED,5,5,EQUAL,0,False,False,False,TRACED_COMPLETE,0,0
A,6c35ae1fbc861f44a6d0accc5bc399855f3693f6014fdfdacf821b2a2e743986,3/10,1,v93-cfffce69e8-t00000-3b4a9aaf332f,DEADLINE_CARRY_IN,1,1,CANDIDATE_FOUND,CANDIDATE_FOUND,CERTIFIED,CERTIFIED,4,4,EQUAL,0,False,False,False,TRACED_COMPLETE,0,0
A,6c35ae1fbc861f44a6d0accc5bc399855f3693f6014fdfdacf821b2a2e743986,3/10,1,v93-cfffce69e8-t00000-3b4a9aaf332f,DEADLINE_CARRY_IN,2,2,CANDIDATE_FOUND,CANDIDATE_FOUND,CERTIFIED,CERTIFIED,22,22,EQUAL,0,False,False,False,TRACED_COMPLETE,0,0
A,6c35ae1fbc861f44a6d0accc5bc399855f3693f6014fdfdacf821b2a2e743986,3/10,1,v93-cfffce69e8-t00000-3b4a9aaf332f,DEADLINE_CARRY_IN,3,3,CANDIDATE_FOUND,CANDIDATE_FOUND,CERTIFIED,CERTIFIED,5,5,EQUAL,0,False,False,False,TRACED_COMPLETE,0,0
A,6c35ae1fbc861f44a6d0accc5bc399855f3693f6014fdfdacf821b2a2e743986,3/10,1,v93-cfffce69e8-t00000-3b4a9aaf332f,DEADLINE_CARRY_IN,4,4,CANDIDATE_FOUND,CANDIDATE_FOUND,CERTIFIED,CERTIFIED,15,15,EQUAL,0,False,False,False,TRACED_COMPLETE,0,0
A,6c35ae1fbc861f44a6d0accc5bc399855f3693f6014fdfdacf821b2a2e743986,3/10,1,v93-cfffce69e8-t00000-3b4a9aaf332f,DEADLINE_CARRY_IN,5,5,CANDIDATE_FOUND,CANDIDATE_FOUND,CERTIFIED,CERTIFIED,31,31,EQUAL,0,False,False,False,TRACED_COMPLETE,0,0
A,6c35ae1fbc861f44a6d0accc5bc399855f3693f6014fdfdacf821b2a2e743986,3/10,1,v93-cfffce69e8-t00000-3b4a9aaf332f,DEADLINE_CARRY_IN,6,6,CANDIDATE_FOUND,CANDIDATE_FOUND,CERTIFIED,CERTIFIED,19,19,EQUAL,0,False,False,False,TRACED_COMPLETE,0,0
A,6c35ae1fbc861f44a6d0accc5bc399855f3693f6014fdfdacf821b2a2e743986,3/10,1,v93-cfffce69e8-t00000-3b4a9aaf332f,DEADLINE_CARRY_IN,7,7,CANDIDATE_FOUND,CANDIDATE_FOUND,CERTIFIED,CERTIFIED,51,51,EQUAL,0,False,False,False,TRACED_COMPLETE,40,0
A,6c35ae1fbc861f44a6d0accc5bc399855f3693f6014fdfdacf821b2a2e743986,3/10,1,v93-cfffce69e8-t00000-3b4a9aaf332f,DEADLINE_CARRY_IN,8,8,CANDIDATE_FOUND,CANDIDATE_FOUND,CERTIFIED,CERTIFIED,117,117,EQUAL,0,False,False,False,TRACED_COMPLETE,111,0
A,6c35ae1fbc861f44a6d0accc5bc399855f3693f6014fdfdacf821b2a2e743986,3/10,1,v93-cfffce69e8-t00000-3b4a9aaf332f,DEADLINE_CARRY_IN,9,9,CANDIDATE_FOUND,CANDIDATE_FOUND,CERTIFIED,CERTIFIED,42,42,EQUAL,0,False,False,False,TRACED_COMPLETE,31,0
A,6c35ae1fbc861f44a6d0accc5bc399855f3693f6014fdfdacf821b2a2e743986,3/10,1,v93-cfffce69e8-t00000-3b4a9aaf332f,FIXED_CW_CARRY_IN,0,0,CANDIDATE_FOUND,CANDIDATE_FOUND,CERTIFIED,CERTIFIED,5,5,EQUAL,0,False,False,False,TRACED_COMPLETE,0,0
A,6c35ae1fbc861f44a6d0accc5bc399855f3693f6014fdfdacf821b2a2e743986,3/10,1,v93-cfffce69e8-t00000-3b4a9aaf332f,FIXED_CW_CARRY_IN,1,1,CANDIDATE_FOUND,CANDIDATE_FOUND,CERTIFIED,CERTIFIED,4,4,EQUAL,0,False,False,False,TRACED_COMPLETE,0,0
A,6c35ae1fbc861f44a6d0accc5bc399855f3693f6014fdfdacf821b2a2e743986,3/10,1,v93-cfffce69e8-t00000-3b4a9aaf332f,FIXED_CW_CARRY_IN,2,2,CANDIDATE_FOUND,CANDIDATE_FOUND,CERTIFIED,CERTIFIED,22,22,EQUAL,0,False,False,False,TRACED_COMPLETE,0,0
A,6c35ae1fbc861f44a6d0accc5bc399855f3693f6014fdfdacf821b2a2e743986,3/10,1,v93-cfffce69e8-t00000-3b4a9aaf332f,FIXED_CW_CARRY_IN,3,3,CANDIDATE_FOUND,CANDIDATE_FOUND,CERTIFIED,CERTIFIED,5,5,EQUAL,0,False,False,False,TRACED_COMPLETE,0,0
A,6c35ae1fbc861f44a6d0accc5bc399855f3693f6014fdfdacf821b2a2e743986,3/10,1,v93-cfffce69e8-t00000-3b4a9aaf332f,FIXED_CW_CARRY_IN,4,4,CANDIDATE_FOUND,CANDIDATE_FOUND,CERTIFIED,CERTIFIED,14,14,EQUAL,0,False,False,False,TRACED_COMPLETE,0,0
A,6c35ae1fbc861f44a6d0accc5bc399855f3693f6014fdfdacf821b2a2e743986,3/10,1,v93-cfffce69e8-t00000-3b4a9aaf332f,FIXED_CW_CARRY_IN,5,5,CANDIDATE_FOUND,CANDIDATE_FOUND,CERTIFIED,CERTIFIED,27,27,EQUAL,0,False,False,False,TRACED_COMPLETE,0,0
A,6c35ae1fbc861f44a6d0accc5bc399855f3693f6014fdfdacf821b2a2e743986,3/10,1,v93-cfffce69e8-t00000-3b4a9aaf332f,FIXED_CW_CARRY_IN,6,6,CANDIDATE_FOUND,CANDIDATE_FOUND,CERTIFIED,CERTIFIED,15,15,EQUAL,0,False,False,False,TRACED_COMPLETE,0,0
A,6c35ae1fbc861f44a6d0accc5bc399855f3693f6014fdfdacf821b2a2e743986,3/10,1,v93-cfffce69e8-t00000-3b4a9aaf332f,FIXED_CW_CARRY_IN,7,7,CANDIDATE_FOUND,CANDIDATE_FOUND,CERTIFIED,CERTIFIED,42,42,EQUAL,0,False,False,False,TRACED_COMPLETE,0,0
A,6c35ae1fbc861f44a6d0accc5bc399855f3693f6014fdfdacf821b2a2e743986,3/10,1,v93-cfffce69e8-t00000-3b4a9aaf332f,FIXED_CW_CARRY_IN,8,8,CANDIDATE_FOUND,CANDIDATE_FOUND,CERTIFIED,CERTIFIED,104,104,EQUAL,0,False,False,False,TRACED_COMPLETE,80,0
A,6c35ae1fbc861f44a6d0accc5bc399855f3693f6014fdfdacf821b2a2e743986,3/10,1,v93-cfffce69e8-t00000-3b4a9aaf332f,FIXED_CW_CARRY_IN,9,9,CANDIDATE_FOUND,CANDIDATE_FOUND,CERTIFIED,CERTIFIED,36,36,EQUAL,0,False,False,False,TRACED_COMPLETE,0,0
A,6c35ae1fbc861f44a6d0accc5bc399855f3693f6014fdfdacf821b2a2e743986,3/10,1,v93-cfffce69e8-t00000-3b4a9aaf332f,RECURSIVE_CARRY_IN,0,0,CANDIDATE_FOUND,CANDIDATE_FOUND,CERTIFIED,CERTIFIED,5,5,EQUAL,0,False,False,False,NOT_APPLICABLE_RECURSIVE,0,0
A,6c35ae1fbc861f44a6d0accc5bc399855f3693f6014fdfdacf821b2a2e743986,3/10,1,v93-cfffce69e8-t00000-3b4a9aaf332f,RECURSIVE_CARRY_IN,1,1,CANDIDATE_FOUND,CANDIDATE_FOUND,CERTIFIED,CERTIFIED,4,4,EQUAL,0,False,False,False,NOT_APPLICABLE_RECURSIVE,0,0
A,6c35ae1fbc861f44a6d0accc5bc399855f3693f6014fdfdacf821b2a2e743986,3/10,1,v93-cfffce69e8-t00000-3b4a9aaf332f,RECURSIVE_CARRY_IN,2,2,CANDIDATE_FOUND,CANDIDATE_FOUND,CERTIFIED,CERTIFIED,22,22,EQUAL,0,False,False,False,NOT_APPLICABLE_RECURSIVE,0,0
A,6c35ae1fbc861f44a6d0accc5bc399855f3693f6014fdfdacf821b2a2e743986,3/10,1,v93-cfffce69e8-t00000-3b4a9aaf332f,RECURSIVE_CARRY_IN,3,3,CANDIDATE_FOUND,CANDIDATE_FOUND,CERTIFIED,CERTIFIED,5,5,EQUAL,0,False,False,False,NOT_APPLICABLE_RECURSIVE,0,0
A,6c35ae1fbc861f44a6d0accc5bc399855f3693f6014fdfdacf821b2a2e743986,3/10,1,v93-cfffce69e8-t00000-3b4a9aaf332f,RECURSIVE_CARRY_IN,4,4,CANDIDATE_FOUND,CANDIDATE_FOUND,CERTIFIED,CERTIFIED,14,14,EQUAL,0,False,False,False,NOT_APPLICABLE_RECURSIVE,0,0
A,6c35ae1fbc861f44a6d0accc5bc399855f3693f6014fdfdacf821b2a2e743986,3/10,1,v93-cfffce69e8-t00000-3b4a9aaf332f,RECURSIVE_CARRY_IN,5,5,CANDIDATE_FOUND,CANDIDATE_FOUND,CERTIFIED,CERTIFIED,27,27,EQUAL,0,False,False,False,NOT_APPLICABLE_RECURSIVE,0,0
A,6c35ae1fbc861f44a6d0accc5bc399855f3693f6014fdfdacf821b2a2e743986,3/10,1,v93-cfffce69e8-t00000-3b4a9aaf332f,RECURSIVE_CARRY_IN,6,6,CANDIDATE_FOUND,CANDIDATE_FOUND,CERTIFIED,CERTIFIED,15,15,EQUAL,0,False,False,False,NOT_APPLICABLE_RECURSIVE,0,0
A,6c35ae1fbc861f44a6d0accc5bc399855f3693f6014fdfdacf821b2a2e743986,3/10,1,v93-cfffce69e8-t00000-3b4a9aaf332f,RECURSIVE_CARRY_IN,7,7,CANDIDATE_FOUND,CANDIDATE_FOUND,CERTIFIED,CERTIFIED,42,42,EQUAL,0,False,False,False,NOT_APPLICABLE_RECURSIVE,0,0
A,6c35ae1fbc861f44a6d0accc5bc399855f3693f6014fdfdacf821b2a2e743986,3/10,1,v93-cfffce69e8-t00000-3b4a9aaf332f,RECURSIVE_CARRY_IN,8,8,CANDIDATE_FOUND,CANDIDATE_FOUND,CERTIFIED,CERTIFIED,104,104,EQUAL,0,False,False,False,NOT_APPLICABLE_RECURSIVE,0,0
A,6c35ae1fbc861f44a6d0accc5bc399855f3693f6014fdfdacf821b2a2e743986,3/10,1,v93-cfffce69e8-t00000-3b4a9aaf332f,RECURSIVE_CARRY_IN,9,9,CANDIDATE_FOUND,CANDIDATE_FOUND,CERTIFIED,CERTIFIED,36,36,EQUAL,0,False,False,False,NOT_APPLICABLE_RECURSIVE,0,0
A,8187934af1038eee5239539296793ea218b51edb974f3a12747786fb3d14e6ca,1/5,1,v93-21471487b7-t00000-40bc3958eb59,DEADLINE_CARRY_IN,0,0,CANDIDATE_FOUND,CANDIDATE_FOUND,CERTIFIED,CERTIFIED,3,3,EQUAL,0,False,False,False,TRACED_COMPLETE,1,0
A,8187934af1038eee5239539296793ea218b51edb974f3a12747786fb3d14e6ca,1/5,1,v93-21471487b7-t00000-40bc3958eb59,DEADLINE_CARRY_IN,1,1,CANDIDATE_FOUND,CANDIDATE_FOUND,CERTIFIED,CERTIFIED,1,1,EQUAL,0,False,False,False,TRACED_COMPLETE,0,0
A,8187934af1038eee5239539296793ea218b51edb974f3a12747786fb3d14e6ca,1/5,1,v93-21471487b7-t00000-40bc3958eb59,DEADLINE_CARRY_IN,2,2,CANDIDATE_FOUND,CANDIDATE_FOUND,CERTIFIED,CERTIFIED,1,1,EQUAL,0,False,False,False,TRACED_COMPLETE,0,0
A,8187934af1038eee5239539296793ea218b51edb974f3a12747786fb3d14e6ca,1/5,1,v93-21471487b7-t00000-40bc3958eb59,DEADLINE_CARRY_IN,3,3,CANDIDATE_FOUND,CANDIDATE_FOUND,CERTIFIED,CERTIFIED,6,6,EQUAL,0,False,False,False,TRACED_COMPLETE,1,0
A,8187934af1038eee5239539296793ea218b51edb974f3a12747786fb3d14e6ca,1/5,1,v93-21471487b7-t00000-40bc3958eb59,DEADLINE_CARRY_IN,4,4,CANDIDATE_FOUND,CANDIDATE_FOUND,CERTIFIED,CERTIFIED,2,2,EQUAL,0,False,False,False,TRACED_COMPLETE,0,0
A,8187934af1038eee5239539296793ea218b51edb974f3a12747786fb3d14e6ca,1/5,1,v93-21471487b7-t00000-40bc3958eb59,DEADLINE_CARRY_IN,5,5,CANDIDATE_FOUND,CANDIDATE_FOUND,CERTIFIED,CERTIFIED,28,28,EQUAL,0,False,False,False,TRACED_COMPLETE,25,0
A,8187934af1038eee5239539296793ea218b51edb974f3a12747786fb3d14e6ca,1/5,1,v93-21471487b7-t00000-40bc3958eb59,DEADLINE_CARRY_IN,6,6,CANDIDATE_FOUND,CANDIDATE_FOUND,CERTIFIED,CERTIFIED,9,9,EQUAL,0,False,False,False,TRACED_COMPLETE,1,0
A,8187934af1038eee5239539296793ea218b51edb974f3a12747786fb3d14e6ca,1/5,1,v93-21471487b7-t00000-40bc3958eb59,DEADLINE_CARRY_IN,7,7,CANDIDATE_FOUND,CANDIDATE_FOUND,CERTIFIED,CERTIFIED,11,11,EQUAL,0,False,False,False,TRACED_COMPLETE,1,0
A,8187934af1038eee5239539296793ea218b51edb974f3a12747786fb3d14e6ca,1/5,1,v93-21471487b7-t00000-40bc3958eb59,DEADLINE_CARRY_IN,8,8,CANDIDATE_FOUND,CANDIDATE_FOUND,CERTIFIED,CERTIFIED,31,31,EQUAL,0,False,False,False,TRACED_COMPLETE,28,0
A,8187934af1038eee5239539296793ea218b51edb974f3a12747786fb3d14e6ca,1/5,1,v93-21471487b7-t00000-40bc3958eb59,DEADLINE_CARRY_IN,9,9,CANDIDATE_FOUND,CANDIDATE_FOUND,CERTIFIED,CERTIFIED,25,25,EQUAL,0,False,False,False,TRACED_COMPLETE,12,0
A,8187934af1038eee5239539296793ea218b51edb974f3a12747786fb3d14e6ca,1/5,1,v93-21471487b7-t00000-40bc3958eb59,FIXED_CW_CARRY_IN,0,0,CANDIDATE_FOUND,CANDIDATE_FOUND,CERTIFIED,CERTIFIED,3,3,EQUAL,0,False,False,False,TRACED_COMPLETE,1,0
A,8187934af1038eee5239539296793ea218b51edb974f3a12747786fb3d14e6ca,1/5,1,v93-21471487b7-t00000-40bc3958eb59,FIXED_CW_CARRY_IN,1,1,CANDIDATE_FOUND,CANDIDATE_FOUND,CERTIFIED,CERTIFIED,1,1,EQUAL,0,False,False,False,TRACED_COMPLETE,0,0
A,8187934af1038eee5239539296793ea218b51edb974f3a12747786fb3d14e6ca,1/5,1,v93-21471487b7-t00000-40bc3958eb59,FIXED_CW_CARRY_IN,2,2,CANDIDATE_FOUND,CANDIDATE_FOUND,CERTIFIED,CERTIFIED,1,1,EQUAL,0,False,False,False,TRACED_COMPLETE,0,0
A,8187934af1038eee5239539296793ea218b51edb974f3a12747786fb3d14e6ca,1/5,1,v93-21471487b7-t00000-40bc3958eb59,FIXED_CW_CARRY_IN,3,3,CANDIDATE_FOUND,CANDIDATE_FOUND,CERTIFIED,CERTIFIED,6,6,EQUAL,0,False,False,False,TRACED_COMPLETE,1,0
A,8187934af1038eee5239539296793ea218b51edb974f3a12747786fb3d14e6ca,1/5,1,v93-21471487b7-t00000-40bc3958eb59,FIXED_CW_CARRY_IN,4,4,CANDIDATE_FOUND,CANDIDATE_FOUND,CERTIFIED,CERTIFIED,2,2,EQUAL,0,False,False,False,TRACED_COMPLETE,0,0
A,8187934af1038eee5239539296793ea218b51edb974f3a12747786fb3d14e6ca,1/5,1,v93-21471487b7-t00000-40bc3958eb59,FIXED_CW_CARRY_IN,5,5,CANDIDATE_FOUND,CANDIDATE_FOUND,CERTIFIED,CERTIFIED,27,27,EQUAL,0,False,False,False,TRACED_COMPLETE,0,0
A,8187934af1038eee5239539296793ea218b51edb974f3a12747786fb3d14e6ca,1/5,1,v93-21471487b7-t00000-40bc3958eb59,FIXED_CW_CARRY_IN,6,6,CANDIDATE_FOUND,CANDIDATE_FOUND,CERTIFIED,CERTIFIED,9,9,EQUAL,0,False,False,False,TRACED_COMPLETE,0,0
A,8187934af1038eee5239539296793ea218b51edb974f3a12747786fb3d14e6ca,1/5,1,v93-21471487b7-t00000-40bc3958eb59,FIXED_CW_CARRY_IN,7,7,CANDIDATE_FOUND,CANDIDATE_FOUND,CERTIFIED,CERTIFIED,11,11,EQUAL,0,False,False,False,TRACED_COMPLETE,0,0
A,8187934af1038eee5239539296793ea218b51edb974f3a12747786fb3d14e6ca,1/5,1,v93-21471487b7-t00000-40bc3958eb59,FIXED_CW_CARRY_IN,8,8,CANDIDATE_FOUND,CANDIDATE_FOUND,CERTIFIED,CERTIFIED,27,27,EQUAL,0,False,False,False,TRACED_COMPLETE,0,0
A,8187934af1038eee5239539296793ea218b51edb974f3a12747786fb3d14e6ca,1/5,1,v93-21471487b7-t00000-40bc3958eb59,FIXED_CW_CARRY_IN,9,9,CANDIDATE_FOUND,CANDIDATE_FOUND,CERTIFIED,CERTIFIED,23,23,EQUAL,0,False,False,False,TRACED_COMPLETE,0,0
A,8187934af1038eee5239539296793ea218b51edb974f3a12747786fb3d14e6ca,1/5,1,v93-21471487b7-t00000-40bc3958eb59,RECURSIVE_CARRY_IN,0,0,CANDIDATE_FOUND,CANDIDATE_FOUND,CERTIFIED,CERTIFIED,3,3,EQUAL,0,False,False,False,NOT_APPLICABLE_RECURSIVE,0,0
A,8187934af1038eee5239539296793ea218b51edb974f3a12747786fb3d14e6ca,1/5,1,v93-21471487b7-t00000-40bc3958eb59,RECURSIVE_CARRY_IN,1,1,CANDIDATE_FOUND,CANDIDATE_FOUND,CERTIFIED,CERTIFIED,1,1,EQUAL,0,False,False,False,NOT_APPLICABLE_RECURSIVE,0,0
A,8187934af1038eee5239539296793ea218b51edb974f3a12747786fb3d14e6ca,1/5,1,v93-21471487b7-t00000-40bc3958eb59,RECURSIVE_CARRY_IN,2,2,CANDIDATE_FOUND,CANDIDATE_FOUND,CERTIFIED,CERTIFIED,1,1,EQUAL,0,False,False,False,NOT_APPLICABLE_RECURSIVE,0,0
A,8187934af1038eee5239539296793ea218b51edb974f3a12747786fb3d14e6ca,1/5,1,v93-21471487b7-t00000-40bc3958eb59,RECURSIVE_CARRY_IN,3,3,CANDIDATE_FOUND,CANDIDATE_FOUND,CERTIFIED,CERTIFIED,6,6,EQUAL,0,False,False,False,NOT_APPLICABLE_RECURSIVE,0,0
A,8187934af1038eee5239539296793ea218b51edb974f3a12747786fb3d14e6ca,1/5,1,v93-21471487b7-t00000-40bc3958eb59,RECURSIVE_CARRY_IN,4,4,CANDIDATE_FOUND,CANDIDATE_FOUND,CERTIFIED,CERTIFIED,2,2,EQUAL,0,False,False,False,NOT_APPLICABLE_RECURSIVE,0,0
A,8187934af1038eee5239539296793ea218b51edb974f3a12747786fb3d14e6ca,1/5,1,v93-21471487b7-t00000-40bc3958eb59,RECURSIVE_CARRY_IN,5,5,CANDIDATE_FOUND,CANDIDATE_FOUND,CERTIFIED,CERTIFIED,27,27,EQUAL,0,False,False,False,NOT_APPLICABLE_RECURSIVE,0,0
A,8187934af1038eee5239539296793ea218b51edb974f3a12747786fb3d14e6ca,1/5,1,v93-21471487b7-t00000-40bc3958eb59,RECURSIVE_CARRY_IN,6,6,CANDIDATE_FOUND,CANDIDATE_FOUND,CERTIFIED,CERTIFIED,9,9,EQUAL,0,False,False,False,NOT_APPLICABLE_RECURSIVE,0,0
A,8187934af1038eee5239539296793ea218b51edb974f3a12747786fb3d14e6ca,1/5,1,v93-21471487b7-t00000-40bc3958eb59,RECURSIVE_CARRY_IN,7,7,CANDIDATE_FOUND,CANDIDATE_FOUND,CERTIFIED,CERTIFIED,11,11,EQUAL,0,False,False,False,NOT_APPLICABLE_RECURSIVE,0,0
A,8187934af1038eee5239539296793ea218b51edb974f3a12747786fb3d14e6ca,1/5,1,v93-21471487b7-t00000-40bc3958eb59,RECURSIVE_CARRY_IN,8,8,CANDIDATE_FOUND,CANDIDATE_FOUND,CERTIFIED,CERTIFIED,27,27,EQUAL,0,False,False,False,NOT_APPLICABLE_RECURSIVE,0,0
A,8187934af1038eee5239539296793ea218b51edb974f3a12747786fb3d14e6ca,1/5,1,v93-21471487b7-t00000-40bc3958eb59,RECURSIVE_CARRY_IN,9,9,CANDIDATE_FOUND,CANDIDATE_FOUND,CERTIFIED,CERTIFIED,23,23,EQUAL,0,False,False,False,NOT_APPLICABLE_RECURSIVE,0,0
A,9a7a99219b098ab2b87160c619686912835b661e25f86d9dc71f9478ecbab9b2,1/5,21473099401200000281/200000000000000000000,v93-21471487b7-t00000-40bc3958eb59,DEADLINE_CARRY_IN,0,0,CANDIDATE_FOUND,CANDIDATE_FOUND,CERTIFIED,CERTIFIED,3,3,EQUAL,0,False,False,False,TRACED_COMPLETE,1,0
A,9a7a99219b098ab2b87160c619686912835b661e25f86d9dc71f9478ecbab9b2,1/5,21473099401200000281/200000000000000000000,v93-21471487b7-t00000-40bc3958eb59,DEADLINE_CARRY_IN,1,1,CANDIDATE_FOUND,CANDIDATE_FOUND,CERTIFIED,CERTIFIED,1,1,EQUAL,0,False,False,False,TRACED_COMPLETE,0,0
A,9a7a99219b098ab2b87160c619686912835b661e25f86d9dc71f9478ecbab9b2,1/5,21473099401200000281/200000000000000000000,v93-21471487b7-t00000-40bc3958eb59,DEADLINE_CARRY_IN,2,2,CANDIDATE_FOUND,CANDIDATE_FOUND,CERTIFIED,CERTIFIED,1,1,EQUAL,0,False,False,False,TRACED_COMPLETE,0,0
A,9a7a99219b098ab2b87160c619686912835b661e25f86d9dc71f9478ecbab9b2,1/5,21473099401200000281/200000000000000000000,v93-21471487b7-t00000-40bc3958eb59,DEADLINE_CARRY_IN,3,3,CANDIDATE_FOUND,CANDIDATE_FOUND,CERTIFIED,CERTIFIED,6,6,EQUAL,0,False,False,False,TRACED_COMPLETE,1,0
A,9a7a99219b098ab2b87160c619686912835b661e25f86d9dc71f9478ecbab9b2,1/5,21473099401200000281/200000000000000000000,v93-21471487b7-t00000-40bc3958eb59,DEADLINE_CARRY_IN,4,4,CANDIDATE_FOUND,CANDIDATE_FOUND,CERTIFIED,CERTIFIED,2,2,EQUAL,0,False,False,False,TRACED_COMPLETE,0,0
A,9a7a99219b098ab2b87160c619686912835b661e25f86d9dc71f9478ecbab9b2,1/5,21473099401200000281/200000000000000000000,v93-21471487b7-t00000-40bc3958eb59,DEADLINE_CARRY_IN,5,5,CANDIDATE_FOUND,CANDIDATE_FOUND,CERTIFIED,CERTIFIED,28,28,EQUAL,0,False,False,False,TRACED_COMPLETE,25,0
A,9a7a99219b098ab2b87160c619686912835b661e25f86d9dc71f9478ecbab9b2,1/5,21473099401200000281/200000000000000000000,v93-21471487b7-t00000-40bc3958eb59,DEADLINE_CARRY_IN,6,6,CANDIDATE_FOUND,CANDIDATE_FOUND,CERTIFIED,CERTIFIED,9,9,EQUAL,0,False,False,False,TRACED_COMPLETE,1,0
A,9a7a99219b098ab2b87160c619686912835b661e25f86d9dc71f9478ecbab9b2,1/5,21473099401200000281/200000000000000000000,v93-21471487b7-t00000-40bc3958eb59,DEADLINE_CARRY_IN,7,7,CANDIDATE_FOUND,CANDIDATE_FOUND,CERTIFIED,CERTIFIED,11,11,EQUAL,0,False,False,False,TRACED_COMPLETE,1,0
A,9a7a99219b098ab2b87160c619686912835b661e25f86d9dc71f9478ecbab9b2,1/5,21473099401200000281/200000000000000000000,v93-21471487b7-t00000-40bc3958eb59,DEADLINE_CARRY_IN,8,8,CANDIDATE_FOUND,CANDIDATE_FOUND,CERTIFIED,CERTIFIED,31,31,EQUAL,0,False,False,False,TRACED_COMPLETE,28,0
A,9a7a99219b098ab2b87160c619686912835b661e25f86d9dc71f9478ecbab9b2,1/5,21473099401200000281/200000000000000000000,v93-21471487b7-t00000-40bc3958eb59,DEADLINE_CARRY_IN,9,9,CANDIDATE_FOUND,CANDIDATE_FOUND,CERTIFIED,CERTIFIED,25,25,EQUAL,0,False,False,False,TRACED_COMPLETE,12,0
A,9a7a99219b098ab2b87160c619686912835b661e25f86d9dc71f9478ecbab9b2,1/5,21473099401200000281/200000000000000000000,v93-21471487b7-t00000-40bc3958eb59,FIXED_CW_CARRY_IN,0,0,CANDIDATE_FOUND,CANDIDATE_FOUND,CERTIFIED,CERTIFIED,3,3,EQUAL,0,False,False,False,TRACED_COMPLETE,1,0
A,9a7a99219b098ab2b87160c619686912835b661e25f86d9dc71f9478ecbab9b2,1/5,21473099401200000281/200000000000000000000,v93-21471487b7-t00000-40bc3958eb59,FIXED_CW_CARRY_IN,1,1,CANDIDATE_FOUND,CANDIDATE_FOUND,CERTIFIED,CERTIFIED,1,1,EQUAL,0,False,False,False,TRACED_COMPLETE,0,0
A,9a7a99219b098ab2b87160c619686912835b661e25f86d9dc71f9478ecbab9b2,1/5,21473099401200000281/200000000000000000000,v93-21471487b7-t00000-40bc3958eb59,FIXED_CW_CARRY_IN,2,2,CANDIDATE_FOUND,CANDIDATE_FOUND,CERTIFIED,CERTIFIED,1,1,EQUAL,0,False,False,False,TRACED_COMPLETE,0,0
A,9a7a99219b098ab2b87160c619686912835b661e25f86d9dc71f9478ecbab9b2,1/5,21473099401200000281/200000000000000000000,v93-21471487b7-t00000-40bc3958eb59,FIXED_CW_CARRY_IN,3,3,CANDIDATE_FOUND,CANDIDATE_FOUND,CERTIFIED,CERTIFIED,6,6,EQUAL,0,False,False,False,TRACED_COMPLETE,1,0
A,9a7a99219b098ab2b87160c619686912835b661e25f86d9dc71f9478ecbab9b2,1/5,21473099401200000281/200000000000000000000,v93-21471487b7-t00000-40bc3958eb59,FIXED_CW_CARRY_IN,4,4,CANDIDATE_FOUND,CANDIDATE_FOUND,CERTIFIED,CERTIFIED,2,2,EQUAL,0,False,False,False,TRACED_COMPLETE,0,0
A,9a7a99219b098ab2b87160c619686912835b661e25f86d9dc71f9478ecbab9b2,1/5,21473099401200000281/200000000000000000000,v93-21471487b7-t00000-40bc3958eb59,FIXED_CW_CARRY_IN,5,5,CANDIDATE_FOUND,CANDIDATE_FOUND,CERTIFIED,CERTIFIED,27,27,EQUAL,0,False,False,False,TRACED_COMPLETE,0,0
A,9a7a99219b098ab2b87160c619686912835b661e25f86d9dc71f9478ecbab9b2,1/5,21473099401200000281/200000000000000000000,v93-21471487b7-t00000-40bc3958eb59,FIXED_CW_CARRY_IN,6,6,CANDIDATE_FOUND,CANDIDATE_FOUND,CERTIFIED,CERTIFIED,9,9,EQUAL,0,False,False,False,TRACED_COMPLETE,0,0
A,9a7a99219b098ab2b87160c619686912835b661e25f86d9dc71f9478ecbab9b2,1/5,21473099401200000281/200000000000000000000,v93-21471487b7-t00000-40bc3958eb59,FIXED_CW_CARRY_IN,7,7,CANDIDATE_FOUND,CANDIDATE_FOUND,CERTIFIED,CERTIFIED,11,11,EQUAL,0,False,False,False,TRACED_COMPLETE,0,0
A,9a7a99219b098ab2b87160c619686912835b661e25f86d9dc71f9478ecbab9b2,1/5,21473099401200000281/200000000000000000000,v93-21471487b7-t00000-40bc3958eb59,FIXED_CW_CARRY_IN,8,8,CANDIDATE_FOUND,CANDIDATE_FOUND,CERTIFIED,CERTIFIED,27,27,EQUAL,0,False,False,False,TRACED_COMPLETE,0,0
A,9a7a99219b098ab2b87160c619686912835b661e25f86d9dc71f9478ecbab9b2,1/5,21473099401200000281/200000000000000000000,v93-21471487b7-t00000-40bc3958eb59,FIXED_CW_CARRY_IN,9,9,CANDIDATE_FOUND,CANDIDATE_FOUND,CERTIFIED,CERTIFIED,23,23,EQUAL,0,False,False,False,TRACED_COMPLETE,0,0
A,9a7a99219b098ab2b87160c619686912835b661e25f86d9dc71f9478ecbab9b2,1/5,21473099401200000281/200000000000000000000,v93-21471487b7-t00000-40bc3958eb59,RECURSIVE_CARRY_IN,0,0,CANDIDATE_FOUND,CANDIDATE_FOUND,CERTIFIED,CERTIFIED,3,3,EQUAL,0,False,False,False,NOT_APPLICABLE_RECURSIVE,0,0
A,9a7a99219b098ab2b87160c619686912835b661e25f86d9dc71f9478ecbab9b2,1/5,21473099401200000281/200000000000000000000,v93-21471487b7-t00000-40bc3958eb59,RECURSIVE_CARRY_IN,1,1,CANDIDATE_FOUND,CANDIDATE_FOUND,CERTIFIED,CERTIFIED,1,1,EQUAL,0,False,False,False,NOT_APPLICABLE_RECURSIVE,0,0
A,9a7a99219b098ab2b87160c619686912835b661e25f86d9dc71f9478ecbab9b2,1/5,21473099401200000281/200000000000000000000,v93-21471487b7-t00000-40bc3958eb59,RECURSIVE_CARRY_IN,2,2,CANDIDATE_FOUND,CANDIDATE_FOUND,CERTIFIED,CERTIFIED,1,1,EQUAL,0,False,False,False,NOT_APPLICABLE_RECURSIVE,0,0
A,9a7a99219b098ab2b87160c619686912835b661e25f86d9dc71f9478ecbab9b2,1/5,21473099401200000281/200000000000000000000,v93-21471487b7-t00000-40bc3958eb59,RECURSIVE_CARRY_IN,3,3,CANDIDATE_FOUND,CANDIDATE_FOUND,CERTIFIED,CERTIFIED,6,6,EQUAL,0,False,False,False,NOT_APPLICABLE_RECURSIVE,0,0
A,9a7a99219b098ab2b87160c619686912835b661e25f86d9dc71f9478ecbab9b2,1/5,21473099401200000281/200000000000000000000,v93-21471487b7-t00000-40bc3958eb59,RECURSIVE_CARRY_IN,4,4,CANDIDATE_FOUND,CANDIDATE_FOUND,CERTIFIED,CERTIFIED,2,2,EQUAL,0,False,False,False,NOT_APPLICABLE_RECURSIVE,0,0
A,9a7a99219b098ab2b87160c619686912835b661e25f86d9dc71f9478ecbab9b2,1/5,21473099401200000281/200000000000000000000,v93-21471487b7-t00000-40bc3958eb59,RECURSIVE_CARRY_IN,5,5,CANDIDATE_FOUND,CANDIDATE_FOUND,CERTIFIED,CERTIFIED,27,27,EQUAL,0,False,False,False,NOT_APPLICABLE_RECURSIVE,0,0
A,9a7a99219b098ab2b87160c619686912835b661e25f86d9dc71f9478ecbab9b2,1/5,21473099401200000281/200000000000000000000,v93-21471487b7-t00000-40bc3958eb59,RECURSIVE_CARRY_IN,6,6,CANDIDATE_FOUND,CANDIDATE_FOUND,CERTIFIED,CERTIFIED,9,9,EQUAL,0,False,False,False,NOT_APPLICABLE_RECURSIVE,0,0
A,9a7a99219b098ab2b87160c619686912835b661e25f86d9dc71f9478ecbab9b2,1/5,21473099401200000281/200000000000000000000,v93-21471487b7-t00000-40bc3958eb59,RECURSIVE_CARRY_IN,7,7,CANDIDATE_FOUND,CANDIDATE_FOUND,CERTIFIED,CERTIFIED,11,11,EQUAL,0,False,False,False,NOT_APPLICABLE_RECURSIVE,0,0
A,9a7a99219b098ab2b87160c619686912835b661e25f86d9dc71f9478ecbab9b2,1/5,21473099401200000281/200000000000000000000,v93-21471487b7-t00000-40bc3958eb59,RECURSIVE_CARRY_IN,8,8,CANDIDATE_FOUND,CANDIDATE_FOUND,CERTIFIED,CERTIFIED,27,27,EQUAL,0,False,False,False,NOT_APPLICABLE_RECURSIVE,0,0
A,9a7a99219b098ab2b87160c619686912835b661e25f86d9dc71f9478ecbab9b2,1/5,21473099401200000281/200000000000000000000,v93-21471487b7-t00000-40bc3958eb59,RECURSIVE_CARRY_IN,9,9,CANDIDATE_FOUND,CANDIDATE_FOUND,CERTIFIED,CERTIFIED,23,23,EQUAL,0,False,False,False,NOT_APPLICABLE_RECURSIVE,0,0
A,be79120f9a03c21892afc0f91577f9e07ed46f2b9687b9665e9e9e032b3cbf4d,2/5,1,v93-5ae59c98f2-t00000-20b67e1aa38f,DEADLINE_CARRY_IN,0,0,CANDIDATE_FOUND,CANDIDATE_FOUND,CERTIFIED,CERTIFIED,3,3,EQUAL,0,False,False,False,TRACED_COMPLETE,0,0
A,be79120f9a03c21892afc0f91577f9e07ed46f2b9687b9665e9e9e032b3cbf4d,2/5,1,v93-5ae59c98f2-t00000-20b67e1aa38f,DEADLINE_CARRY_IN,1,1,CANDIDATE_FOUND,CANDIDATE_FOUND,CERTIFIED,CERTIFIED,2,2,EQUAL,0,False,False,False,TRACED_COMPLETE,0,0
A,be79120f9a03c21892afc0f91577f9e07ed46f2b9687b9665e9e9e032b3cbf4d,2/5,1,v93-5ae59c98f2-t00000-20b67e1aa38f,DEADLINE_CARRY_IN,2,2,CANDIDATE_FOUND,CANDIDATE_FOUND,CERTIFIED,CERTIFIED,8,8,EQUAL,0,False,False,False,TRACED_COMPLETE,0,0
A,be79120f9a03c21892afc0f91577f9e07ed46f2b9687b9665e9e9e032b3cbf4d,2/5,1,v93-5ae59c98f2-t00000-20b67e1aa38f,DEADLINE_CARRY_IN,3,3,CANDIDATE_FOUND,CANDIDATE_FOUND,CERTIFIED,CERTIFIED,65,65,EQUAL,0,False,False,False,TRACED_COMPLETE,62,0
A,be79120f9a03c21892afc0f91577f9e07ed46f2b9687b9665e9e9e032b3cbf4d,2/5,1,v93-5ae59c98f2-t00000-20b67e1aa38f,DEADLINE_CARRY_IN,4,4,CANDIDATE_FOUND,CANDIDATE_FOUND,CERTIFIED,CERTIFIED,16,16,EQUAL,0,False,False,False,TRACED_COMPLETE,0,0
A,be79120f9a03c21892afc0f91577f9e07ed46f2b9687b9665e9e9e032b3cbf4d,2/5,1,v93-5ae59c98f2-t00000-20b67e1aa38f,DEADLINE_CARRY_IN,5,5,CANDIDATE_FOUND,CANDIDATE_FOUND,CERTIFIED,CERTIFIED,15,15,EQUAL,0,False,False,False,TRACED_COMPLETE,4,0
A,be79120f9a03c21892afc0f91577f9e07ed46f2b9687b9665e9e9e032b3cbf4d,2/5,1,v93-5ae59c98f2-t00000-20b67e1aa38f,DEADLINE_CARRY_IN,6,6,CANDIDATE_FOUND,CANDIDATE_FOUND,CERTIFIED,CERTIFIED,20,20,EQUAL,0,False,False,False,TRACED_COMPLETE,11,0
A,be79120f9a03c21892afc0f91577f9e07ed46f2b9687b9665e9e9e032b3cbf4d,2/5,1,v93-5ae59c98f2-t00000-20b67e1aa38f,DEADLINE_CARRY_IN,7,7,CANDIDATE_FOUND,CANDIDATE_FOUND,CERTIFIED,CERTIFIED,50,50,EQUAL,0,False,False,False,TRACED_COMPLETE,40,0
A,be79120f9a03c21892afc0f91577f9e07ed46f2b9687b9665e9e9e032b3cbf4d,2/5,1,v93-5ae59c98f2-t00000-20b67e1aa38f,DEADLINE_CARRY_IN,8,8,CANDIDATE_FOUND,CANDIDATE_FOUND,CERTIFIED,CERTIFIED,56,56,EQUAL,0,False,False,False,TRACED_COMPLETE,40,0
A,be79120f9a03c21892afc0f91577f9e07ed46f2b9687b9665e9e9e032b3cbf4d,2/5,1,v93-5ae59c98f2-t00000-20b67e1aa38f,DEADLINE_CARRY_IN,9,9,CANDIDATE_FOUND,CANDIDATE_FOUND,CERTIFIED,CERTIFIED,87,87,EQUAL,0,False,False,False,TRACED_COMPLETE,84,0
A,be79120f9a03c21892afc0f91577f9e07ed46f2b9687b9665e9e9e032b3cbf4d,2/5,1,v93-5ae59c98f2-t00000-20b67e1aa38f,FIXED_CW_CARRY_IN,0,0,CANDIDATE_FOUND,CANDIDATE_FOUND,CERTIFIED,CERTIFIED,3,3,EQUAL,0,False,False,False,TRACED_COMPLETE,0,0
A,be79120f9a03c21892afc0f91577f9e07ed46f2b9687b9665e9e9e032b3cbf4d,2/5,1,v93-5ae59c98f2-t00000-20b67e1aa38f,FIXED_CW_CARRY_IN,1,1,CANDIDATE_FOUND,CANDIDATE_FOUND,CERTIFIED,CERTIFIED,2,2,EQUAL,0,False,False,False,TRACED_COMPLETE,0,0
A,be79120f9a03c21892afc0f91577f9e07ed46f2b9687b9665e9e9e032b3cbf4d,2/5,1,v93-5ae59c98f2-t00000-20b67e1aa38f,FIXED_CW_CARRY_IN,2,2,CANDIDATE_FOUND,CANDIDATE_FOUND,CERTIFIED,CERTIFIED,8,8,EQUAL,0,False,False,False,TRACED_COMPLETE,0,0
A,be79120f9a03c21892afc0f91577f9e07ed46f2b9687b9665e9e9e032b3cbf4d,2/5,1,v93-5ae59c98f2-t00000-20b67e1aa38f,FIXED_CW_CARRY_IN,3,3,CANDIDATE_FOUND,CANDIDATE_FOUND,CERTIFIED,CERTIFIED,65,65,EQUAL,0,False,False,False,TRACED_COMPLETE,62,0
A,be79120f9a03c21892afc0f91577f9e07ed46f2b9687b9665e9e9e032b3cbf4d,2/5,1,v93-5ae59c98f2-t00000-20b67e1aa38f,FIXED_CW_CARRY_IN,4,4,CANDIDATE_FOUND,CANDIDATE_FOUND,CERTIFIED,CERTIFIED,16,16,EQUAL,0,False,False,False,TRACED_COMPLETE,0,0
A,be79120f9a03c21892afc0f91577f9e07ed46f2b9687b9665e9e9e032b3cbf4d,2/5,1,v93-5ae59c98f2-t00000-20b67e1aa38f,FIXED_CW_CARRY_IN,5,5,CANDIDATE_FOUND,CANDIDATE_FOUND,CERTIFIED,CERTIFIED,15,15,EQUAL,0,False,False,False,TRACED_COMPLETE,0,0
A,be79120f9a03c21892afc0f91577f9e07ed46f2b9687b9665e9e9e032b3cbf4d,2/5,1,v93-5ae59c98f2-t00000-20b67e1aa38f,FIXED_CW_CARRY_IN,6,6,CANDIDATE_FOUND,CANDIDATE_FOUND,CERTIFIED,CERTIFIED,16,16,EQUAL,0,False,False,False,TRACED_COMPLETE,0,0
A,be79120f9a03c21892afc0f91577f9e07ed46f2b9687b9665e9e9e032b3cbf4d,2/5,1,v93-5ae59c98f2-t00000-20b67e1aa38f,FIXED_CW_CARRY_IN,7,7,CANDIDATE_FOUND,CANDIDATE_FOUND,CERTIFIED,CERTIFIED,36,36,EQUAL,0,False,False,False,TRACED_COMPLETE,0,0
A,be79120f9a03c21892afc0f91577f9e07ed46f2b9687b9665e9e9e032b3cbf4d,2/5,1,v93-5ae59c98f2-t00000-20b67e1aa38f,FIXED_CW_CARRY_IN,8,8,CANDIDATE_FOUND,CANDIDATE_FOUND,CERTIFIED,CERTIFIED,43,43,EQUAL,0,False,False,False,TRACED_COMPLETE,7,0
A,be79120f9a03c21892afc0f91577f9e07ed46f2b9687b9665e9e9e032b3cbf4d,2/5,1,v93-5ae59c98f2-t00000-20b67e1aa38f,FIXED_CW_CARRY_IN,9,9,CANDIDATE_FOUND,CANDIDATE_FOUND,CERTIFIED,CERTIFIED,65,65,EQUAL,0,False,False,False,TRACED_COMPLETE,59,0
A,be79120f9a03c21892afc0f91577f9e07ed46f2b9687b9665e9e9e032b3cbf4d,2/5,1,v93-5ae59c98f2-t00000-20b67e1aa38f,RECURSIVE_CARRY_IN,0,0,CANDIDATE_FOUND,CANDIDATE_FOUND,CERTIFIED,CERTIFIED,3,3,EQUAL,0,False,False,False,NOT_APPLICABLE_RECURSIVE,0,0
A,be79120f9a03c21892afc0f91577f9e07ed46f2b9687b9665e9e9e032b3cbf4d,2/5,1,v93-5ae59c98f2-t00000-20b67e1aa38f,RECURSIVE_CARRY_IN,1,1,CANDIDATE_FOUND,CANDIDATE_FOUND,CERTIFIED,CERTIFIED,2,2,EQUAL,0,False,False,False,NOT_APPLICABLE_RECURSIVE,0,0
A,be79120f9a03c21892afc0f91577f9e07ed46f2b9687b9665e9e9e032b3cbf4d,2/5,1,v93-5ae59c98f2-t00000-20b67e1aa38f,RECURSIVE_CARRY_IN,2,2,CANDIDATE_FOUND,CANDIDATE_FOUND,CERTIFIED,CERTIFIED,8,8,EQUAL,0,False,False,False,NOT_APPLICABLE_RECURSIVE,0,0
A,be79120f9a03c21892afc0f91577f9e07ed46f2b9687b9665e9e9e032b3cbf4d,2/5,1,v93-5ae59c98f2-t00000-20b67e1aa38f,RECURSIVE_CARRY_IN,3,3,CANDIDATE_FOUND,CANDIDATE_FOUND,CERTIFIED,CERTIFIED,65,65,EQUAL,0,False,False,False,NOT_APPLICABLE_RECURSIVE,0,0
A,be79120f9a03c21892afc0f91577f9e07ed46f2b9687b9665e9e9e032b3cbf4d,2/5,1,v93-5ae59c98f2-t00000-20b67e1aa38f,RECURSIVE_CARRY_IN,4,4,CANDIDATE_FOUND,CANDIDATE_FOUND,CERTIFIED,CERTIFIED,16,16,EQUAL,0,False,False,False,NOT_APPLICABLE_RECURSIVE,0,0
A,be79120f9a03c21892afc0f91577f9e07ed46f2b9687b9665e9e9e032b3cbf4d,2/5,1,v93-5ae59c98f2-t00000-20b67e1aa38f,RECURSIVE_CARRY_IN,5,5,CANDIDATE_FOUND,CANDIDATE_FOUND,CERTIFIED,CERTIFIED,15,15,EQUAL,0,False,False,False,NOT_APPLICABLE_RECURSIVE,0,0
A,be79120f9a03c21892afc0f91577f9e07ed46f2b9687b9665e9e9e032b3cbf4d,2/5,1,v93-5ae59c98f2-t00000-20b67e1aa38f,RECURSIVE_CARRY_IN,6,6,CANDIDATE_FOUND,CANDIDATE_FOUND,CERTIFIED,CERTIFIED,16,16,EQUAL,0,False,False,False,NOT_APPLICABLE_RECURSIVE,0,0
A,be79120f9a03c21892afc0f91577f9e07ed46f2b9687b9665e9e9e032b3cbf4d,2/5,1,v93-5ae59c98f2-t00000-20b67e1aa38f,RECURSIVE_CARRY_IN,7,7,CANDIDATE_FOUND,CANDIDATE_FOUND,CERTIFIED,CERTIFIED,36,36,EQUAL,0,False,False,False,NOT_APPLICABLE_RECURSIVE,0,0
A,be79120f9a03c21892afc0f91577f9e07ed46f2b9687b9665e9e9e032b3cbf4d,2/5,1,v93-5ae59c98f2-t00000-20b67e1aa38f,RECURSIVE_CARRY_IN,8,8,CANDIDATE_FOUND,CANDIDATE_FOUND,CERTIFIED,CERTIFIED,43,43,EQUAL,0,False,False,False,NOT_APPLICABLE_RECURSIVE,0,0
A,be79120f9a03c21892afc0f91577f9e07ed46f2b9687b9665e9e9e032b3cbf4d,2/5,1,v93-5ae59c98f2-t00000-20b67e1aa38f,RECURSIVE_CARRY_IN,9,9,CANDIDATE_FOUND,CANDIDATE_FOUND,CERTIFIED,CERTIFIED,65,65,EQUAL,0,False,False,False,NOT_APPLICABLE_RECURSIVE,0,0
A,d7b5eed4292dabab90ad067822a4289831395dee070079e96dd145f1f9a4c544,2/5,21473099401200000281/200000000000000000000,v93-5ae59c98f2-t00000-20b67e1aa38f,DEADLINE_CARRY_IN,0,0,CANDIDATE_FOUND,CANDIDATE_FOUND,CERTIFIED,CERTIFIED,3,3,EQUAL,0,False,False,False,TRACED_COMPLETE,0,0
A,d7b5eed4292dabab90ad067822a4289831395dee070079e96dd145f1f9a4c544,2/5,21473099401200000281/200000000000000000000,v93-5ae59c98f2-t00000-20b67e1aa38f,DEADLINE_CARRY_IN,1,1,CANDIDATE_FOUND,CANDIDATE_FOUND,CERTIFIED,CERTIFIED,2,2,EQUAL,0,False,False,False,TRACED_COMPLETE,0,0
A,d7b5eed4292dabab90ad067822a4289831395dee070079e96dd145f1f9a4c544,2/5,21473099401200000281/200000000000000000000,v93-5ae59c98f2-t00000-20b67e1aa38f,DEADLINE_CARRY_IN,2,2,CANDIDATE_FOUND,CANDIDATE_FOUND,CERTIFIED,CERTIFIED,8,8,EQUAL,0,False,False,False,TRACED_COMPLETE,0,0
A,d7b5eed4292dabab90ad067822a4289831395dee070079e96dd145f1f9a4c544,2/5,21473099401200000281/200000000000000000000,v93-5ae59c98f2-t00000-20b67e1aa38f,DEADLINE_CARRY_IN,3,3,CANDIDATE_FOUND,CANDIDATE_FOUND,CERTIFIED,CERTIFIED,65,65,EQUAL,0,False,False,False,TRACED_COMPLETE,62,0
A,d7b5eed4292dabab90ad067822a4289831395dee070079e96dd145f1f9a4c544,2/5,21473099401200000281/200000000000000000000,v93-5ae59c98f2-t00000-20b67e1aa38f,DEADLINE_CARRY_IN,4,4,CANDIDATE_FOUND,CANDIDATE_FOUND,CERTIFIED,CERTIFIED,16,16,EQUAL,0,False,False,False,TRACED_COMPLETE,0,0
A,d7b5eed4292dabab90ad067822a4289831395dee070079e96dd145f1f9a4c544,2/5,21473099401200000281/200000000000000000000,v93-5ae59c98f2-t00000-20b67e1aa38f,DEADLINE_CARRY_IN,5,5,CANDIDATE_FOUND,CANDIDATE_FOUND,CERTIFIED,CERTIFIED,15,15,EQUAL,0,False,False,False,TRACED_COMPLETE,4,0
A,d7b5eed4292dabab90ad067822a4289831395dee070079e96dd145f1f9a4c544,2/5,21473099401200000281/200000000000000000000,v93-5ae59c98f2-t00000-20b67e1aa38f,DEADLINE_CARRY_IN,6,6,CANDIDATE_FOUND,CANDIDATE_FOUND,CERTIFIED,CERTIFIED,20,20,EQUAL,0,False,False,False,TRACED_COMPLETE,11,0
A,d7b5eed4292dabab90ad067822a4289831395dee070079e96dd145f1f9a4c544,2/5,21473099401200000281/200000000000000000000,v93-5ae59c98f2-t00000-20b67e1aa38f,DEADLINE_CARRY_IN,7,7,CANDIDATE_FOUND,CANDIDATE_FOUND,CERTIFIED,CERTIFIED,50,50,EQUAL,0,False,False,False,TRACED_COMPLETE,40,0
A,d7b5eed4292dabab90ad067822a4289831395dee070079e96dd145f1f9a4c544,2/5,21473099401200000281/200000000000000000000,v93-5ae59c98f2-t00000-20b67e1aa38f,DEADLINE_CARRY_IN,8,8,CANDIDATE_FOUND,CANDIDATE_FOUND,CERTIFIED,CERTIFIED,56,56,EQUAL,0,False,False,False,TRACED_COMPLETE,40,0
A,d7b5eed4292dabab90ad067822a4289831395dee070079e96dd145f1f9a4c544,2/5,21473099401200000281/200000000000000000000,v93-5ae59c98f2-t00000-20b67e1aa38f,DEADLINE_CARRY_IN,9,9,CANDIDATE_FOUND,CANDIDATE_FOUND,CERTIFIED,CERTIFIED,87,87,EQUAL,0,False,False,False,TRACED_COMPLETE,84,0
A,d7b5eed4292dabab90ad067822a4289831395dee070079e96dd145f1f9a4c544,2/5,21473099401200000281/200000000000000000000,v93-5ae59c98f2-t00000-20b67e1aa38f,FIXED_CW_CARRY_IN,0,0,CANDIDATE_FOUND,CANDIDATE_FOUND,CERTIFIED,CERTIFIED,3,3,EQUAL,0,False,False,False,TRACED_COMPLETE,0,0
A,d7b5eed4292dabab90ad067822a4289831395dee070079e96dd145f1f9a4c544,2/5,21473099401200000281/200000000000000000000,v93-5ae59c98f2-t00000-20b67e1aa38f,FIXED_CW_CARRY_IN,1,1,CANDIDATE_FOUND,CANDIDATE_FOUND,CERTIFIED,CERTIFIED,2,2,EQUAL,0,False,False,False,TRACED_COMPLETE,0,0
A,d7b5eed4292dabab90ad067822a4289831395dee070079e96dd145f1f9a4c544,2/5,21473099401200000281/200000000000000000000,v93-5ae59c98f2-t00000-20b67e1aa38f,FIXED_CW_CARRY_IN,2,2,CANDIDATE_FOUND,CANDIDATE_FOUND,CERTIFIED,CERTIFIED,8,8,EQUAL,0,False,False,False,TRACED_COMPLETE,0,0
A,d7b5eed4292dabab90ad067822a4289831395dee070079e96dd145f1f9a4c544,2/5,21473099401200000281/200000000000000000000,v93-5ae59c98f2-t00000-20b67e1aa38f,FIXED_CW_CARRY_IN,3,3,CANDIDATE_FOUND,CANDIDATE_FOUND,CERTIFIED,CERTIFIED,65,65,EQUAL,0,False,False,False,TRACED_COMPLETE,62,0
A,d7b5eed4292dabab90ad067822a4289831395dee070079e96dd145f1f9a4c544,2/5,21473099401200000281/200000000000000000000,v93-5ae59c98f2-t00000-20b67e1aa38f,FIXED_CW_CARRY_IN,4,4,CANDIDATE_FOUND,CANDIDATE_FOUND,CERTIFIED,CERTIFIED,16,16,EQUAL,0,False,False,False,TRACED_COMPLETE,0,0
A,d7b5eed4292dabab90ad067822a4289831395dee070079e96dd145f1f9a4c544,2/5,21473099401200000281/200000000000000000000,v93-5ae59c98f2-t00000-20b67e1aa38f,FIXED_CW_CARRY_IN,5,5,CANDIDATE_FOUND,CANDIDATE_FOUND,CERTIFIED,CERTIFIED,15,15,EQUAL,0,False,False,False,TRACED_COMPLETE,0,0
A,d7b5eed4292dabab90ad067822a4289831395dee070079e96dd145f1f9a4c544,2/5,21473099401200000281/200000000000000000000,v93-5ae59c98f2-t00000-20b67e1aa38f,FIXED_CW_CARRY_IN,6,6,CANDIDATE_FOUND,CANDIDATE_FOUND,CERTIFIED,CERTIFIED,16,16,EQUAL,0,False,False,False,TRACED_COMPLETE,0,0
A,d7b5eed4292dabab90ad067822a4289831395dee070079e96dd145f1f9a4c544,2/5,21473099401200000281/200000000000000000000,v93-5ae59c98f2-t00000-20b67e1aa38f,FIXED_CW_CARRY_IN,7,7,CANDIDATE_FOUND,CANDIDATE_FOUND,CERTIFIED,CERTIFIED,36,36,EQUAL,0,False,False,False,TRACED_COMPLETE,0,0
A,d7b5eed4292dabab90ad067822a4289831395dee070079e96dd145f1f9a4c544,2/5,21473099401200000281/200000000000000000000,v93-5ae59c98f2-t00000-20b67e1aa38f,FIXED_CW_CARRY_IN,8,8,CANDIDATE_FOUND,CANDIDATE_FOUND,CERTIFIED,CERTIFIED,43,43,EQUAL,0,False,False,False,TRACED_COMPLETE,7,0
A,d7b5eed4292dabab90ad067822a4289831395dee070079e96dd145f1f9a4c544,2/5,21473099401200000281/200000000000000000000,v93-5ae59c98f2-t00000-20b67e1aa38f,FIXED_CW_CARRY_IN,9,9,CANDIDATE_FOUND,CANDIDATE_FOUND,CERTIFIED,CERTIFIED,65,65,EQUAL,0,False,False,False,TRACED_COMPLETE,59,0
A,d7b5eed4292dabab90ad067822a4289831395dee070079e96dd145f1f9a4c544,2/5,21473099401200000281/200000000000000000000,v93-5ae59c98f2-t00000-20b67e1aa38f,RECURSIVE_CARRY_IN,0,0,CANDIDATE_FOUND,CANDIDATE_FOUND,CERTIFIED,CERTIFIED,3,3,EQUAL,0,False,False,False,NOT_APPLICABLE_RECURSIVE,0,0
A,d7b5eed4292dabab90ad067822a4289831395dee070079e96dd145f1f9a4c544,2/5,21473099401200000281/200000000000000000000,v93-5ae59c98f2-t00000-20b67e1aa38f,RECURSIVE_CARRY_IN,1,1,CANDIDATE_FOUND,CANDIDATE_FOUND,CERTIFIED,CERTIFIED,2,2,EQUAL,0,False,False,False,NOT_APPLICABLE_RECURSIVE,0,0
A,d7b5eed4292dabab90ad067822a4289831395dee070079e96dd145f1f9a4c544,2/5,21473099401200000281/200000000000000000000,v93-5ae59c98f2-t00000-20b67e1aa38f,RECURSIVE_CARRY_IN,2,2,CANDIDATE_FOUND,CANDIDATE_FOUND,CERTIFIED,CERTIFIED,8,8,EQUAL,0,False,False,False,NOT_APPLICABLE_RECURSIVE,0,0
A,d7b5eed4292dabab90ad067822a4289831395dee070079e96dd145f1f9a4c544,2/5,21473099401200000281/200000000000000000000,v93-5ae59c98f2-t00000-20b67e1aa38f,RECURSIVE_CARRY_IN,3,3,CANDIDATE_FOUND,CANDIDATE_FOUND,CERTIFIED,CERTIFIED,65,65,EQUAL,0,False,False,False,NOT_APPLICABLE_RECURSIVE,0,0
A,d7b5eed4292dabab90ad067822a4289831395dee070079e96dd145f1f9a4c544,2/5,21473099401200000281/200000000000000000000,v93-5ae59c98f2-t00000-20b67e1aa38f,RECURSIVE_CARRY_IN,4,4,CANDIDATE_FOUND,CANDIDATE_FOUND,CERTIFIED,CERTIFIED,16,16,EQUAL,0,False,False,False,NOT_APPLICABLE_RECURSIVE,0,0
A,d7b5eed4292dabab90ad067822a4289831395dee070079e96dd145f1f9a4c544,2/5,21473099401200000281/200000000000000000000,v93-5ae59c98f2-t00000-20b67e1aa38f,RECURSIVE_CARRY_IN,5,5,CANDIDATE_FOUND,CANDIDATE_FOUND,CERTIFIED,CERTIFIED,15,15,EQUAL,0,False,False,False,NOT_APPLICABLE_RECURSIVE,0,0
A,d7b5eed4292dabab90ad067822a4289831395dee070079e96dd145f1f9a4c544,2/5,21473099401200000281/200000000000000000000,v93-5ae59c98f2-t00000-20b67e1aa38f,RECURSIVE_CARRY_IN,6,6,CANDIDATE_FOUND,CANDIDATE_FOUND,CERTIFIED,CERTIFIED,16,16,EQUAL,0,False,False,False,NOT_APPLICABLE_RECURSIVE,0,0
A,d7b5eed4292dabab90ad067822a4289831395dee070079e96dd145f1f9a4c544,2/5,21473099401200000281/200000000000000000000,v93-5ae59c98f2-t00000-20b67e1aa38f,RECURSIVE_CARRY_IN,7,7,CANDIDATE_FOUND,CANDIDATE_FOUND,CERTIFIED,CERTIFIED,36,36,EQUAL,0,False,False,False,NOT_APPLICABLE_RECURSIVE,0,0
A,d7b5eed4292dabab90ad067822a4289831395dee070079e96dd145f1f9a4c544,2/5,21473099401200000281/200000000000000000000,v93-5ae59c98f2-t00000-20b67e1aa38f,RECURSIVE_CARRY_IN,8,8,CANDIDATE_FOUND,CANDIDATE_FOUND,CERTIFIED,CERTIFIED,43,43,EQUAL,0,False,False,False,NOT_APPLICABLE_RECURSIVE,0,0
A,d7b5eed4292dabab90ad067822a4289831395dee070079e96dd145f1f9a4c544,2/5,21473099401200000281/200000000000000000000,v93-5ae59c98f2-t00000-20b67e1aa38f,RECURSIVE_CARRY_IN,9,9,CANDIDATE_FOUND,CANDIDATE_FOUND,CERTIFIED,CERTIFIED,65,65,EQUAL,0,False,False,False,NOT_APPLICABLE_RECURSIVE,0,0
B,3dcad6f9d2161e9dcc2e6111388712cf626d31bc2dd1ed446488a6e6ac0d7ad5,2/5,1,v93-5ae59c98f2-t00001-79e06ae2e5a4,DEADLINE_CARRY_IN,0,0,CANDIDATE_FOUND,CANDIDATE_FOUND,PROVISIONAL_NOT_CERTIFIED,PROVISIONAL_NOT_CERTIFIED,5,5,EQUAL,0,False,False,False,TRACED_COMPLETE,0,0
B,3dcad6f9d2161e9dcc2e6111388712cf626d31bc2dd1ed446488a6e6ac0d7ad5,2/5,1,v93-5ae59c98f2-t00001-79e06ae2e5a4,DEADLINE_CARRY_IN,1,1,CANDIDATE_FOUND,CANDIDATE_FOUND,PROVISIONAL_NOT_CERTIFIED,PROVISIONAL_NOT_CERTIFIED,5,5,EQUAL,0,False,False,False,TRACED_COMPLETE,0,0
B,3dcad6f9d2161e9dcc2e6111388712cf626d31bc2dd1ed446488a6e6ac0d7ad5,2/5,1,v93-5ae59c98f2-t00001-79e06ae2e5a4,DEADLINE_CARRY_IN,2,2,CANDIDATE_FOUND,CANDIDATE_FOUND,PROVISIONAL_NOT_CERTIFIED,PROVISIONAL_NOT_CERTIFIED,17,17,EQUAL,0,False,False,False,TRACED_COMPLETE,0,0
B,3dcad6f9d2161e9dcc2e6111388712cf626d31bc2dd1ed446488a6e6ac0d7ad5,2/5,1,v93-5ae59c98f2-t00001-79e06ae2e5a4,DEADLINE_CARRY_IN,3,3,CANDIDATE_FOUND,CANDIDATE_FOUND,PROVISIONAL_NOT_CERTIFIED,PROVISIONAL_NOT_CERTIFIED,5,5,EQUAL,0,False,False,False,TRACED_COMPLETE,0,0
B,3dcad6f9d2161e9dcc2e6111388712cf626d31bc2dd1ed446488a6e6ac0d7ad5,2/5,1,v93-5ae59c98f2-t00001-79e06ae2e5a4,DEADLINE_CARRY_IN,4,4,CANDIDATE_FOUND,CANDIDATE_FOUND,PROVISIONAL_NOT_CERTIFIED,PROVISIONAL_NOT_CERTIFIED,53,53,EQUAL,0,False,False,False,TRACED_COMPLETE,28,0
B,3dcad6f9d2161e9dcc2e6111388712cf626d31bc2dd1ed446488a6e6ac0d7ad5,2/5,1,v93-5ae59c98f2-t00001-79e06ae2e5a4,DEADLINE_CARRY_IN,5,5,CANDIDATE_FOUND,CANDIDATE_FOUND,PROVISIONAL_NOT_CERTIFIED,PROVISIONAL_NOT_CERTIFIED,23,23,EQUAL,0,False,False,False,TRACED_COMPLETE,3,0
B,3dcad6f9d2161e9dcc2e6111388712cf626d31bc2dd1ed446488a6e6ac0d7ad5,2/5,1,v93-5ae59c98f2-t00001-79e06ae2e5a4,DEADLINE_CARRY_IN,6,6,CANDIDATE_FOUND,CANDIDATE_FOUND,PROVISIONAL_NOT_CERTIFIED,PROVISIONAL_NOT_CERTIFIED,39,39,EQUAL,0,False,False,False,TRACED_COMPLETE,28,0
B,3dcad6f9d2161e9dcc2e6111388712cf626d31bc2dd1ed446488a6e6ac0d7ad5,2/5,1,v93-5ae59c98f2-t00001-79e06ae2e5a4,DEADLINE_CARRY_IN,7,7,CANDIDATE_FOUND,CANDIDATE_FOUND,PROVISIONAL_NOT_CERTIFIED,PROVISIONAL_NOT_CERTIFIED,37,37,EQUAL,0,False,False,False,TRACED_COMPLETE,28,0
B,3dcad6f9d2161e9dcc2e6111388712cf626d31bc2dd1ed446488a6e6ac0d7ad5,2/5,1,v93-5ae59c98f2-t00001-79e06ae2e5a4,DEADLINE_CARRY_IN,8,8,CANDIDATE_FOUND,CANDIDATE_FOUND,PROVISIONAL_NOT_CERTIFIED,PROVISIONAL_NOT_CERTIFIED,79,79,EQUAL,0,False,False,False,TRACED_COMPLETE,59,0
B,3dcad6f9d2161e9dcc2e6111388712cf626d31bc2dd1ed446488a6e6ac0d7ad5,2/5,1,v93-5ae59c98f2-t00001-79e06ae2e5a4,DEADLINE_CARRY_IN,9,9,NO_CANDIDATE,NO_CANDIDATE,NOT_CERTIFIED,NOT_CERTIFIED,,,NO_COMMON_CANDIDATE,,False,False,False,TRACED_COMPLETE,0,0
B,3dcad6f9d2161e9dcc2e6111388712cf626d31bc2dd1ed446488a6e6ac0d7ad5,2/5,1,v93-5ae59c98f2-t00001-79e06ae2e5a4,FIXED_CW_CARRY_IN,0,0,CANDIDATE_FOUND,NOT_APPLICABLE_DEPENDENCY,PROVISIONAL_NOT_CERTIFIED,NOT_APPLICABLE,5,,UNAVAILABLE,,False,False,False,SKIPPED_UNCERTIFIED_FIXED_CW_SOURCE,0,0
B,3dcad6f9d2161e9dcc2e6111388712cf626d31bc2dd1ed446488a6e6ac0d7ad5,2/5,1,v93-5ae59c98f2-t00001-79e06ae2e5a4,FIXED_CW_CARRY_IN,1,1,CANDIDATE_FOUND,NOT_APPLICABLE_DEPENDENCY,PROVISIONAL_NOT_CERTIFIED,NOT_APPLICABLE,5,,UNAVAILABLE,,False,False,False,SKIPPED_UNCERTIFIED_FIXED_CW_SOURCE,0,0
B,3dcad6f9d2161e9dcc2e6111388712cf626d31bc2dd1ed446488a6e6ac0d7ad5,2/5,1,v93-5ae59c98f2-t00001-79e06ae2e5a4,FIXED_CW_CARRY_IN,2,2,CANDIDATE_FOUND,NOT_APPLICABLE_DEPENDENCY,PROVISIONAL_NOT_CERTIFIED,NOT_APPLICABLE,17,,UNAVAILABLE,,False,False,False,SKIPPED_UNCERTIFIED_FIXED_CW_SOURCE,0,0
B,3dcad6f9d2161e9dcc2e6111388712cf626d31bc2dd1ed446488a6e6ac0d7ad5,2/5,1,v93-5ae59c98f2-t00001-79e06ae2e5a4,FIXED_CW_CARRY_IN,3,3,CANDIDATE_FOUND,NOT_APPLICABLE_DEPENDENCY,PROVISIONAL_NOT_CERTIFIED,NOT_APPLICABLE,5,,UNAVAILABLE,,False,False,False,SKIPPED_UNCERTIFIED_FIXED_CW_SOURCE,0,0
B,3dcad6f9d2161e9dcc2e6111388712cf626d31bc2dd1ed446488a6e6ac0d7ad5,2/5,1,v93-5ae59c98f2-t00001-79e06ae2e5a4,FIXED_CW_CARRY_IN,4,4,CANDIDATE_FOUND,NOT_APPLICABLE_DEPENDENCY,PROVISIONAL_NOT_CERTIFIED,NOT_APPLICABLE,53,,UNAVAILABLE,,False,False,False,SKIPPED_UNCERTIFIED_FIXED_CW_SOURCE,0,0
B,3dcad6f9d2161e9dcc2e6111388712cf626d31bc2dd1ed446488a6e6ac0d7ad5,2/5,1,v93-5ae59c98f2-t00001-79e06ae2e5a4,FIXED_CW_CARRY_IN,5,5,CANDIDATE_FOUND,NOT_APPLICABLE_DEPENDENCY,PROVISIONAL_NOT_CERTIFIED,NOT_APPLICABLE,20,,UNAVAILABLE,,False,False,False,SKIPPED_UNCERTIFIED_FIXED_CW_SOURCE,0,0
B,3dcad6f9d2161e9dcc2e6111388712cf626d31bc2dd1ed446488a6e6ac0d7ad5,2/5,1,v93-5ae59c98f2-t00001-79e06ae2e5a4,FIXED_CW_CARRY_IN,6,6,CANDIDATE_FOUND,NOT_APPLICABLE_DEPENDENCY,PROVISIONAL_NOT_CERTIFIED,NOT_APPLICABLE,32,,UNAVAILABLE,,False,False,False,SKIPPED_UNCERTIFIED_FIXED_CW_SOURCE,0,0
B,3dcad6f9d2161e9dcc2e6111388712cf626d31bc2dd1ed446488a6e6ac0d7ad5,2/5,1,v93-5ae59c98f2-t00001-79e06ae2e5a4,FIXED_CW_CARRY_IN,7,7,CANDIDATE_FOUND,NOT_APPLICABLE_DEPENDENCY,PROVISIONAL_NOT_CERTIFIED,NOT_APPLICABLE,30,,UNAVAILABLE,,False,False,False,SKIPPED_UNCERTIFIED_FIXED_CW_SOURCE,0,0
B,3dcad6f9d2161e9dcc2e6111388712cf626d31bc2dd1ed446488a6e6ac0d7ad5,2/5,1,v93-5ae59c98f2-t00001-79e06ae2e5a4,FIXED_CW_CARRY_IN,8,8,CANDIDATE_FOUND,NOT_APPLICABLE_DEPENDENCY,PROVISIONAL_NOT_CERTIFIED,NOT_APPLICABLE,62,,UNAVAILABLE,,False,False,False,SKIPPED_UNCERTIFIED_FIXED_CW_SOURCE,0,0
B,3dcad6f9d2161e9dcc2e6111388712cf626d31bc2dd1ed446488a6e6ac0d7ad5,2/5,1,v93-5ae59c98f2-t00001-79e06ae2e5a4,FIXED_CW_CARRY_IN,9,9,NO_CANDIDATE,NOT_APPLICABLE_DEPENDENCY,NOT_CERTIFIED,NOT_APPLICABLE,,,UNAVAILABLE,,False,False,False,SKIPPED_UNCERTIFIED_FIXED_CW_SOURCE,0,0
B,3dcad6f9d2161e9dcc2e6111388712cf626d31bc2dd1ed446488a6e6ac0d7ad5,2/5,1,v93-5ae59c98f2-t00001-79e06ae2e5a4,RECURSIVE_CARRY_IN,0,0,CANDIDATE_FOUND,CANDIDATE_FOUND,PROVISIONAL_NOT_CERTIFIED,PROVISIONAL_NOT_CERTIFIED,5,5,EQUAL,0,False,False,False,NOT_APPLICABLE_RECURSIVE,0,0
B,3dcad6f9d2161e9dcc2e6111388712cf626d31bc2dd1ed446488a6e6ac0d7ad5,2/5,1,v93-5ae59c98f2-t00001-79e06ae2e5a4,RECURSIVE_CARRY_IN,1,1,CANDIDATE_FOUND,CANDIDATE_FOUND,PROVISIONAL_NOT_CERTIFIED,PROVISIONAL_NOT_CERTIFIED,5,5,EQUAL,0,False,False,False,NOT_APPLICABLE_RECURSIVE,0,0
B,3dcad6f9d2161e9dcc2e6111388712cf626d31bc2dd1ed446488a6e6ac0d7ad5,2/5,1,v93-5ae59c98f2-t00001-79e06ae2e5a4,RECURSIVE_CARRY_IN,2,2,CANDIDATE_FOUND,CANDIDATE_FOUND,PROVISIONAL_NOT_CERTIFIED,PROVISIONAL_NOT_CERTIFIED,17,17,EQUAL,0,False,False,False,NOT_APPLICABLE_RECURSIVE,0,0
B,3dcad6f9d2161e9dcc2e6111388712cf626d31bc2dd1ed446488a6e6ac0d7ad5,2/5,1,v93-5ae59c98f2-t00001-79e06ae2e5a4,RECURSIVE_CARRY_IN,3,3,CANDIDATE_FOUND,CANDIDATE_FOUND,PROVISIONAL_NOT_CERTIFIED,PROVISIONAL_NOT_CERTIFIED,5,5,EQUAL,0,False,False,False,NOT_APPLICABLE_RECURSIVE,0,0
B,3dcad6f9d2161e9dcc2e6111388712cf626d31bc2dd1ed446488a6e6ac0d7ad5,2/5,1,v93-5ae59c98f2-t00001-79e06ae2e5a4,RECURSIVE_CARRY_IN,4,4,CANDIDATE_FOUND,CANDIDATE_FOUND,PROVISIONAL_NOT_CERTIFIED,PROVISIONAL_NOT_CERTIFIED,53,53,EQUAL,0,False,False,False,NOT_APPLICABLE_RECURSIVE,0,0
B,3dcad6f9d2161e9dcc2e6111388712cf626d31bc2dd1ed446488a6e6ac0d7ad5,2/5,1,v93-5ae59c98f2-t00001-79e06ae2e5a4,RECURSIVE_CARRY_IN,5,5,CANDIDATE_FOUND,CANDIDATE_FOUND,PROVISIONAL_NOT_CERTIFIED,PROVISIONAL_NOT_CERTIFIED,20,20,EQUAL,0,False,False,False,NOT_APPLICABLE_RECURSIVE,0,0
B,3dcad6f9d2161e9dcc2e6111388712cf626d31bc2dd1ed446488a6e6ac0d7ad5,2/5,1,v93-5ae59c98f2-t00001-79e06ae2e5a4,RECURSIVE_CARRY_IN,6,6,CANDIDATE_FOUND,CANDIDATE_FOUND,PROVISIONAL_NOT_CERTIFIED,PROVISIONAL_NOT_CERTIFIED,32,32,EQUAL,0,False,False,False,NOT_APPLICABLE_RECURSIVE,0,0
B,3dcad6f9d2161e9dcc2e6111388712cf626d31bc2dd1ed446488a6e6ac0d7ad5,2/5,1,v93-5ae59c98f2-t00001-79e06ae2e5a4,RECURSIVE_CARRY_IN,7,7,CANDIDATE_FOUND,CANDIDATE_FOUND,PROVISIONAL_NOT_CERTIFIED,PROVISIONAL_NOT_CERTIFIED,30,30,EQUAL,0,False,False,False,NOT_APPLICABLE_RECURSIVE,0,0
B,3dcad6f9d2161e9dcc2e6111388712cf626d31bc2dd1ed446488a6e6ac0d7ad5,2/5,1,v93-5ae59c98f2-t00001-79e06ae2e5a4,RECURSIVE_CARRY_IN,8,8,CANDIDATE_FOUND,CANDIDATE_FOUND,PROVISIONAL_NOT_CERTIFIED,PROVISIONAL_NOT_CERTIFIED,62,62,EQUAL,0,False,False,False,NOT_APPLICABLE_RECURSIVE,0,0
B,3dcad6f9d2161e9dcc2e6111388712cf626d31bc2dd1ed446488a6e6ac0d7ad5,2/5,1,v93-5ae59c98f2-t00001-79e06ae2e5a4,RECURSIVE_CARRY_IN,9,9,NO_CANDIDATE,NO_CANDIDATE,NOT_CERTIFIED,NOT_CERTIFIED,,,NO_COMMON_CANDIDATE,,False,False,False,NOT_APPLICABLE_RECURSIVE,0,0
B,4c2026d7e41a7fc826b6051a9f377988686907cca9ae778da934dbe9d6d13fa4,3/10,21473099401200000281/200000000000000000000,v93-cfffce69e8-t00001-2ccd7d77f533,DEADLINE_CARRY_IN,0,0,CANDIDATE_FOUND,CANDIDATE_FOUND,PROVISIONAL_NOT_CERTIFIED,PROVISIONAL_NOT_CERTIFIED,4,4,EQUAL,0,False,False,False,TRACED_COMPLETE,0,0
B,4c2026d7e41a7fc826b6051a9f377988686907cca9ae778da934dbe9d6d13fa4,3/10,21473099401200000281/200000000000000000000,v93-cfffce69e8-t00001-2ccd7d77f533,DEADLINE_CARRY_IN,1,1,CANDIDATE_FOUND,CANDIDATE_FOUND,PROVISIONAL_NOT_CERTIFIED,PROVISIONAL_NOT_CERTIFIED,8,8,EQUAL,0,False,False,False,TRACED_COMPLETE,0,0
B,4c2026d7e41a7fc826b6051a9f377988686907cca9ae778da934dbe9d6d13fa4,3/10,21473099401200000281/200000000000000000000,v93-cfffce69e8-t00001-2ccd7d77f533,DEADLINE_CARRY_IN,2,2,CANDIDATE_FOUND,CANDIDATE_FOUND,PROVISIONAL_NOT_CERTIFIED,PROVISIONAL_NOT_CERTIFIED,4,4,EQUAL,0,False,False,False,TRACED_COMPLETE,0,0
B,4c2026d7e41a7fc826b6051a9f377988686907cca9ae778da934dbe9d6d13fa4,3/10,21473099401200000281/200000000000000000000,v93-cfffce69e8-t00001-2ccd7d77f533,DEADLINE_CARRY_IN,3,3,CANDIDATE_FOUND,CANDIDATE_FOUND,PROVISIONAL_NOT_CERTIFIED,PROVISIONAL_NOT_CERTIFIED,23,23,EQUAL,0,False,False,False,TRACED_COMPLETE,17,0
B,4c2026d7e41a7fc826b6051a9f377988686907cca9ae778da934dbe9d6d13fa4,3/10,21473099401200000281/200000000000000000000,v93-cfffce69e8-t00001-2ccd7d77f533,DEADLINE_CARRY_IN,4,4,CANDIDATE_FOUND,CANDIDATE_FOUND,PROVISIONAL_NOT_CERTIFIED,PROVISIONAL_NOT_CERTIFIED,18,18,EQUAL,0,False,False,False,TRACED_COMPLETE,0,0
B,4c2026d7e41a7fc826b6051a9f377988686907cca9ae778da934dbe9d6d13fa4,3/10,21473099401200000281/200000000000000000000,v93-cfffce69e8-t00001-2ccd7d77f533,DEADLINE_CARRY_IN,5,5,CANDIDATE_FOUND,CANDIDATE_FOUND,PROVISIONAL_NOT_CERTIFIED,PROVISIONAL_NOT_CERTIFIED,9,9,EQUAL,0,False,False,False,TRACED_COMPLETE,0,0
B,4c2026d7e41a7fc826b6051a9f377988686907cca9ae778da934dbe9d6d13fa4,3/10,21473099401200000281/200000000000000000000,v93-cfffce69e8-t00001-2ccd7d77f533,DEADLINE_CARRY_IN,6,6,CANDIDATE_FOUND,CANDIDATE_FOUND,PROVISIONAL_NOT_CERTIFIED,PROVISIONAL_NOT_CERTIFIED,59,59,EQUAL,0,False,False,False,TRACED_COMPLETE,36,0
B,4c2026d7e41a7fc826b6051a9f377988686907cca9ae778da934dbe9d6d13fa4,3/10,21473099401200000281/200000000000000000000,v93-cfffce69e8-t00001-2ccd7d77f533,DEADLINE_CARRY_IN,7,7,NO_CANDIDATE,NO_CANDIDATE,NOT_CERTIFIED,NOT_CERTIFIED,,,NO_COMMON_CANDIDATE,,False,False,False,TRACED_COMPLETE,0,0
B,4c2026d7e41a7fc826b6051a9f377988686907cca9ae778da934dbe9d6d13fa4,3/10,21473099401200000281/200000000000000000000,v93-cfffce69e8-t00001-2ccd7d77f533,DEADLINE_CARRY_IN,8,8,NOT_EVALUATED_AFTER_PREFIX_FAILURE,NOT_EVALUATED_AFTER_PREFIX_FAILURE,NOT_APPLICABLE,NOT_APPLICABLE,,,UNAVAILABLE,,False,False,False,SKIPPED_NOT_EVALUATED,0,0
B,4c2026d7e41a7fc826b6051a9f377988686907cca9ae778da934dbe9d6d13fa4,3/10,21473099401200000281/200000000000000000000,v93-cfffce69e8-t00001-2ccd7d77f533,DEADLINE_CARRY_IN,9,9,NOT_EVALUATED_AFTER_PREFIX_FAILURE,NOT_EVALUATED_AFTER_PREFIX_FAILURE,NOT_APPLICABLE,NOT_APPLICABLE,,,UNAVAILABLE,,False,False,False,SKIPPED_NOT_EVALUATED,0,0
B,4c2026d7e41a7fc826b6051a9f377988686907cca9ae778da934dbe9d6d13fa4,3/10,21473099401200000281/200000000000000000000,v93-cfffce69e8-t00001-2ccd7d77f533,FIXED_CW_CARRY_IN,0,0,CANDIDATE_FOUND,NOT_APPLICABLE_DEPENDENCY,PROVISIONAL_NOT_CERTIFIED,NOT_APPLICABLE,4,,UNAVAILABLE,,False,False,False,SKIPPED_UNCERTIFIED_FIXED_CW_SOURCE,0,0
B,4c2026d7e41a7fc826b6051a9f377988686907cca9ae778da934dbe9d6d13fa4,3/10,21473099401200000281/200000000000000000000,v93-cfffce69e8-t00001-2ccd7d77f533,FIXED_CW_CARRY_IN,1,1,CANDIDATE_FOUND,NOT_APPLICABLE_DEPENDENCY,PROVISIONAL_NOT_CERTIFIED,NOT_APPLICABLE,8,,UNAVAILABLE,,False,False,False,SKIPPED_UNCERTIFIED_FIXED_CW_SOURCE,0,0
B,4c2026d7e41a7fc826b6051a9f377988686907cca9ae778da934dbe9d6d13fa4,3/10,21473099401200000281/200000000000000000000,v93-cfffce69e8-t00001-2ccd7d77f533,FIXED_CW_CARRY_IN,2,2,CANDIDATE_FOUND,NOT_APPLICABLE_DEPENDENCY,PROVISIONAL_NOT_CERTIFIED,NOT_APPLICABLE,4,,UNAVAILABLE,,False,False,False,SKIPPED_UNCERTIFIED_FIXED_CW_SOURCE,0,0
B,4c2026d7e41a7fc826b6051a9f377988686907cca9ae778da934dbe9d6d13fa4,3/10,21473099401200000281/200000000000000000000,v93-cfffce69e8-t00001-2ccd7d77f533,FIXED_CW_CARRY_IN,3,3,CANDIDATE_FOUND,NOT_APPLICABLE_DEPENDENCY,PROVISIONAL_NOT_CERTIFIED,NOT_APPLICABLE,23,,UNAVAILABLE,,False,False,False,SKIPPED_UNCERTIFIED_FIXED_CW_SOURCE,0,0
B,4c2026d7e41a7fc826b6051a9f377988686907cca9ae778da934dbe9d6d13fa4,3/10,21473099401200000281/200000000000000000000,v93-cfffce69e8-t00001-2ccd7d77f533,FIXED_CW_CARRY_IN,4,4,CANDIDATE_FOUND,NOT_APPLICABLE_DEPENDENCY,PROVISIONAL_NOT_CERTIFIED,NOT_APPLICABLE,18,,UNAVAILABLE,,False,False,False,SKIPPED_UNCERTIFIED_FIXED_CW_SOURCE,0,0
B,4c2026d7e41a7fc826b6051a9f377988686907cca9ae778da934dbe9d6d13fa4,3/10,21473099401200000281/200000000000000000000,v93-cfffce69e8-t00001-2ccd7d77f533,FIXED_CW_CARRY_IN,5,5,CANDIDATE_FOUND,NOT_APPLICABLE_DEPENDENCY,PROVISIONAL_NOT_CERTIFIED,NOT_APPLICABLE,9,,UNAVAILABLE,,False,False,False,SKIPPED_UNCERTIFIED_FIXED_CW_SOURCE,0,0
B,4c2026d7e41a7fc826b6051a9f377988686907cca9ae778da934dbe9d6d13fa4,3/10,21473099401200000281/200000000000000000000,v93-cfffce69e8-t00001-2ccd7d77f533,FIXED_CW_CARRY_IN,6,6,CANDIDATE_FOUND,NOT_APPLICABLE_DEPENDENCY,PROVISIONAL_NOT_CERTIFIED,NOT_APPLICABLE,57,,UNAVAILABLE,,False,False,False,SKIPPED_UNCERTIFIED_FIXED_CW_SOURCE,0,0
B,4c2026d7e41a7fc826b6051a9f377988686907cca9ae778da934dbe9d6d13fa4,3/10,21473099401200000281/200000000000000000000,v93-cfffce69e8-t00001-2ccd7d77f533,FIXED_CW_CARRY_IN,7,7,NO_CANDIDATE,NOT_APPLICABLE_DEPENDENCY,NOT_CERTIFIED,NOT_APPLICABLE,,,UNAVAILABLE,,False,False,False,SKIPPED_UNCERTIFIED_FIXED_CW_SOURCE,0,0
B,4c2026d7e41a7fc826b6051a9f377988686907cca9ae778da934dbe9d6d13fa4,3/10,21473099401200000281/200000000000000000000,v93-cfffce69e8-t00001-2ccd7d77f533,FIXED_CW_CARRY_IN,8,8,NOT_EVALUATED_AFTER_PREFIX_FAILURE,NOT_APPLICABLE_DEPENDENCY,NOT_APPLICABLE,NOT_APPLICABLE,,,UNAVAILABLE,,False,False,False,SKIPPED_UNCERTIFIED_FIXED_CW_SOURCE,0,0
B,4c2026d7e41a7fc826b6051a9f377988686907cca9ae778da934dbe9d6d13fa4,3/10,21473099401200000281/200000000000000000000,v93-cfffce69e8-t00001-2ccd7d77f533,FIXED_CW_CARRY_IN,9,9,NOT_EVALUATED_AFTER_PREFIX_FAILURE,NOT_APPLICABLE_DEPENDENCY,NOT_APPLICABLE,NOT_APPLICABLE,,,UNAVAILABLE,,False,False,False,SKIPPED_UNCERTIFIED_FIXED_CW_SOURCE,0,0
B,4c2026d7e41a7fc826b6051a9f377988686907cca9ae778da934dbe9d6d13fa4,3/10,21473099401200000281/200000000000000000000,v93-cfffce69e8-t00001-2ccd7d77f533,RECURSIVE_CARRY_IN,0,0,CANDIDATE_FOUND,CANDIDATE_FOUND,PROVISIONAL_NOT_CERTIFIED,PROVISIONAL_NOT_CERTIFIED,4,4,EQUAL,0,False,False,False,NOT_APPLICABLE_RECURSIVE,0,0
B,4c2026d7e41a7fc826b6051a9f377988686907cca9ae778da934dbe9d6d13fa4,3/10,21473099401200000281/200000000000000000000,v93-cfffce69e8-t00001-2ccd7d77f533,RECURSIVE_CARRY_IN,1,1,CANDIDATE_FOUND,CANDIDATE_FOUND,PROVISIONAL_NOT_CERTIFIED,PROVISIONAL_NOT_CERTIFIED,8,8,EQUAL,0,False,False,False,NOT_APPLICABLE_RECURSIVE,0,0
B,4c2026d7e41a7fc826b6051a9f377988686907cca9ae778da934dbe9d6d13fa4,3/10,21473099401200000281/200000000000000000000,v93-cfffce69e8-t00001-2ccd7d77f533,RECURSIVE_CARRY_IN,2,2,CANDIDATE_FOUND,CANDIDATE_FOUND,PROVISIONAL_NOT_CERTIFIED,PROVISIONAL_NOT_CERTIFIED,4,4,EQUAL,0,False,False,False,NOT_APPLICABLE_RECURSIVE,0,0
B,4c2026d7e41a7fc826b6051a9f377988686907cca9ae778da934dbe9d6d13fa4,3/10,21473099401200000281/200000000000000000000,v93-cfffce69e8-t00001-2ccd7d77f533,RECURSIVE_CARRY_IN,3,3,CANDIDATE_FOUND,CANDIDATE_FOUND,PROVISIONAL_NOT_CERTIFIED,PROVISIONAL_NOT_CERTIFIED,23,23,EQUAL,0,False,False,False,NOT_APPLICABLE_RECURSIVE,0,0
B,4c2026d7e41a7fc826b6051a9f377988686907cca9ae778da934dbe9d6d13fa4,3/10,21473099401200000281/200000000000000000000,v93-cfffce69e8-t00001-2ccd7d77f533,RECURSIVE_CARRY_IN,4,4,CANDIDATE_FOUND,CANDIDATE_FOUND,PROVISIONAL_NOT_CERTIFIED,PROVISIONAL_NOT_CERTIFIED,18,18,EQUAL,0,False,False,False,NOT_APPLICABLE_RECURSIVE,0,0
B,4c2026d7e41a7fc826b6051a9f377988686907cca9ae778da934dbe9d6d13fa4,3/10,21473099401200000281/200000000000000000000,v93-cfffce69e8-t00001-2ccd7d77f533,RECURSIVE_CARRY_IN,5,5,CANDIDATE_FOUND,CANDIDATE_FOUND,PROVISIONAL_NOT_CERTIFIED,PROVISIONAL_NOT_CERTIFIED,9,9,EQUAL,0,False,False,False,NOT_APPLICABLE_RECURSIVE,0,0
B,4c2026d7e41a7fc826b6051a9f377988686907cca9ae778da934dbe9d6d13fa4,3/10,21473099401200000281/200000000000000000000,v93-cfffce69e8-t00001-2ccd7d77f533,RECURSIVE_CARRY_IN,6,6,CANDIDATE_FOUND,CANDIDATE_FOUND,PROVISIONAL_NOT_CERTIFIED,PROVISIONAL_NOT_CERTIFIED,57,57,EQUAL,0,False,False,False,NOT_APPLICABLE_RECURSIVE,0,0
B,4c2026d7e41a7fc826b6051a9f377988686907cca9ae778da934dbe9d6d13fa4,3/10,21473099401200000281/200000000000000000000,v93-cfffce69e8-t00001-2ccd7d77f533,RECURSIVE_CARRY_IN,7,7,NO_CANDIDATE,NO_CANDIDATE,NOT_CERTIFIED,NOT_CERTIFIED,,,NO_COMMON_CANDIDATE,,False,False,False,NOT_APPLICABLE_RECURSIVE,0,0
B,4c2026d7e41a7fc826b6051a9f377988686907cca9ae778da934dbe9d6d13fa4,3/10,21473099401200000281/200000000000000000000,v93-cfffce69e8-t00001-2ccd7d77f533,RECURSIVE_CARRY_IN,8,8,NOT_EVALUATED_AFTER_PREFIX_FAILURE,NOT_EVALUATED_AFTER_PREFIX_FAILURE,NOT_APPLICABLE,NOT_APPLICABLE,,,UNAVAILABLE,,False,False,False,NOT_APPLICABLE_RECURSIVE,0,0
B,4c2026d7e41a7fc826b6051a9f377988686907cca9ae778da934dbe9d6d13fa4,3/10,21473099401200000281/200000000000000000000,v93-cfffce69e8-t00001-2ccd7d77f533,RECURSIVE_CARRY_IN,9,9,NOT_EVALUATED_AFTER_PREFIX_FAILURE,NOT_EVALUATED_AFTER_PREFIX_FAILURE,NOT_APPLICABLE,NOT_APPLICABLE,,,UNAVAILABLE,,False,False,False,NOT_APPLICABLE_RECURSIVE,0,0
B,506891d1344fa94834843cfbbb32e95b8b91f650453800f6563edf816bbe153f,2/5,21473099401200000281/200000000000000000000,v93-5ae59c98f2-t00001-79e06ae2e5a4,DEADLINE_CARRY_IN,0,0,CANDIDATE_FOUND,CANDIDATE_FOUND,PROVISIONAL_NOT_CERTIFIED,PROVISIONAL_NOT_CERTIFIED,5,5,EQUAL,0,False,False,False,TRACED_COMPLETE,0,0
B,506891d1344fa94834843cfbbb32e95b8b91f650453800f6563edf816bbe153f,2/5,21473099401200000281/200000000000000000000,v93-5ae59c98f2-t00001-79e06ae2e5a4,DEADLINE_CARRY_IN,1,1,CANDIDATE_FOUND,CANDIDATE_FOUND,PROVISIONAL_NOT_CERTIFIED,PROVISIONAL_NOT_CERTIFIED,5,5,EQUAL,0,False,False,False,TRACED_COMPLETE,0,0
B,506891d1344fa94834843cfbbb32e95b8b91f650453800f6563edf816bbe153f,2/5,21473099401200000281/200000000000000000000,v93-5ae59c98f2-t00001-79e06ae2e5a4,DEADLINE_CARRY_IN,2,2,CANDIDATE_FOUND,CANDIDATE_FOUND,PROVISIONAL_NOT_CERTIFIED,PROVISIONAL_NOT_CERTIFIED,17,17,EQUAL,0,False,False,False,TRACED_COMPLETE,0,0
B,506891d1344fa94834843cfbbb32e95b8b91f650453800f6563edf816bbe153f,2/5,21473099401200000281/200000000000000000000,v93-5ae59c98f2-t00001-79e06ae2e5a4,DEADLINE_CARRY_IN,3,3,CANDIDATE_FOUND,CANDIDATE_FOUND,PROVISIONAL_NOT_CERTIFIED,PROVISIONAL_NOT_CERTIFIED,5,5,EQUAL,0,False,False,False,TRACED_COMPLETE,0,0
B,506891d1344fa94834843cfbbb32e95b8b91f650453800f6563edf816bbe153f,2/5,21473099401200000281/200000000000000000000,v93-5ae59c98f2-t00001-79e06ae2e5a4,DEADLINE_CARRY_IN,4,4,CANDIDATE_FOUND,CANDIDATE_FOUND,PROVISIONAL_NOT_CERTIFIED,PROVISIONAL_NOT_CERTIFIED,53,53,EQUAL,0,False,False,False,TRACED_COMPLETE,28,0
B,506891d1344fa94834843cfbbb32e95b8b91f650453800f6563edf816bbe153f,2/5,21473099401200000281/200000000000000000000,v93-5ae59c98f2-t00001-79e06ae2e5a4,DEADLINE_CARRY_IN,5,5,CANDIDATE_FOUND,CANDIDATE_FOUND,PROVISIONAL_NOT_CERTIFIED,PROVISIONAL_NOT_CERTIFIED,23,23,EQUAL,0,False,False,False,TRACED_COMPLETE,3,0
B,506891d1344fa94834843cfbbb32e95b8b91f650453800f6563edf816bbe153f,2/5,21473099401200000281/200000000000000000000,v93-5ae59c98f2-t00001-79e06ae2e5a4,DEADLINE_CARRY_IN,6,6,CANDIDATE_FOUND,CANDIDATE_FOUND,PROVISIONAL_NOT_CERTIFIED,PROVISIONAL_NOT_CERTIFIED,39,39,EQUAL,0,False,False,False,TRACED_COMPLETE,28,0
B,506891d1344fa94834843cfbbb32e95b8b91f650453800f6563edf816bbe153f,2/5,21473099401200000281/200000000000000000000,v93-5ae59c98f2-t00001-79e06ae2e5a4,DEADLINE_CARRY_IN,7,7,CANDIDATE_FOUND,CANDIDATE_FOUND,PROVISIONAL_NOT_CERTIFIED,PROVISIONAL_NOT_CERTIFIED,37,37,EQUAL,0,False,False,False,TRACED_COMPLETE,28,0
B,506891d1344fa94834843cfbbb32e95b8b91f650453800f6563edf816bbe153f,2/5,21473099401200000281/200000000000000000000,v93-5ae59c98f2-t00001-79e06ae2e5a4,DEADLINE_CARRY_IN,8,8,CANDIDATE_FOUND,CANDIDATE_FOUND,PROVISIONAL_NOT_CERTIFIED,PROVISIONAL_NOT_CERTIFIED,79,79,EQUAL,0,False,False,False,TRACED_COMPLETE,59,0
B,506891d1344fa94834843cfbbb32e95b8b91f650453800f6563edf816bbe153f,2/5,21473099401200000281/200000000000000000000,v93-5ae59c98f2-t00001-79e06ae2e5a4,DEADLINE_CARRY_IN,9,9,NO_CANDIDATE,NO_CANDIDATE,NOT_CERTIFIED,NOT_CERTIFIED,,,NO_COMMON_CANDIDATE,,False,False,False,TRACED_COMPLETE,0,0
B,506891d1344fa94834843cfbbb32e95b8b91f650453800f6563edf816bbe153f,2/5,21473099401200000281/200000000000000000000,v93-5ae59c98f2-t00001-79e06ae2e5a4,FIXED_CW_CARRY_IN,0,0,CANDIDATE_FOUND,NOT_APPLICABLE_DEPENDENCY,PROVISIONAL_NOT_CERTIFIED,NOT_APPLICABLE,5,,UNAVAILABLE,,False,False,False,SKIPPED_UNCERTIFIED_FIXED_CW_SOURCE,0,0
B,506891d1344fa94834843cfbbb32e95b8b91f650453800f6563edf816bbe153f,2/5,21473099401200000281/200000000000000000000,v93-5ae59c98f2-t00001-79e06ae2e5a4,FIXED_CW_CARRY_IN,1,1,CANDIDATE_FOUND,NOT_APPLICABLE_DEPENDENCY,PROVISIONAL_NOT_CERTIFIED,NOT_APPLICABLE,5,,UNAVAILABLE,,False,False,False,SKIPPED_UNCERTIFIED_FIXED_CW_SOURCE,0,0
B,506891d1344fa94834843cfbbb32e95b8b91f650453800f6563edf816bbe153f,2/5,21473099401200000281/200000000000000000000,v93-5ae59c98f2-t00001-79e06ae2e5a4,FIXED_CW_CARRY_IN,2,2,CANDIDATE_FOUND,NOT_APPLICABLE_DEPENDENCY,PROVISIONAL_NOT_CERTIFIED,NOT_APPLICABLE,17,,UNAVAILABLE,,False,False,False,SKIPPED_UNCERTIFIED_FIXED_CW_SOURCE,0,0
B,506891d1344fa94834843cfbbb32e95b8b91f650453800f6563edf816bbe153f,2/5,21473099401200000281/200000000000000000000,v93-5ae59c98f2-t00001-79e06ae2e5a4,FIXED_CW_CARRY_IN,3,3,CANDIDATE_FOUND,NOT_APPLICABLE_DEPENDENCY,PROVISIONAL_NOT_CERTIFIED,NOT_APPLICABLE,5,,UNAVAILABLE,,False,False,False,SKIPPED_UNCERTIFIED_FIXED_CW_SOURCE,0,0
B,506891d1344fa94834843cfbbb32e95b8b91f650453800f6563edf816bbe153f,2/5,21473099401200000281/200000000000000000000,v93-5ae59c98f2-t00001-79e06ae2e5a4,FIXED_CW_CARRY_IN,4,4,CANDIDATE_FOUND,NOT_APPLICABLE_DEPENDENCY,PROVISIONAL_NOT_CERTIFIED,NOT_APPLICABLE,53,,UNAVAILABLE,,False,False,False,SKIPPED_UNCERTIFIED_FIXED_CW_SOURCE,0,0
B,506891d1344fa94834843cfbbb32e95b8b91f650453800f6563edf816bbe153f,2/5,21473099401200000281/200000000000000000000,v93-5ae59c98f2-t00001-79e06ae2e5a4,FIXED_CW_CARRY_IN,5,5,CANDIDATE_FOUND,NOT_APPLICABLE_DEPENDENCY,PROVISIONAL_NOT_CERTIFIED,NOT_APPLICABLE,20,,UNAVAILABLE,,False,False,False,SKIPPED_UNCERTIFIED_FIXED_CW_SOURCE,0,0
B,506891d1344fa94834843cfbbb32e95b8b91f650453800f6563edf816bbe153f,2/5,21473099401200000281/200000000000000000000,v93-5ae59c98f2-t00001-79e06ae2e5a4,FIXED_CW_CARRY_IN,6,6,CANDIDATE_FOUND,NOT_APPLICABLE_DEPENDENCY,PROVISIONAL_NOT_CERTIFIED,NOT_APPLICABLE,32,,UNAVAILABLE,,False,False,False,SKIPPED_UNCERTIFIED_FIXED_CW_SOURCE,0,0
B,506891d1344fa94834843cfbbb32e95b8b91f650453800f6563edf816bbe153f,2/5,21473099401200000281/200000000000000000000,v93-5ae59c98f2-t00001-79e06ae2e5a4,FIXED_CW_CARRY_IN,7,7,CANDIDATE_FOUND,NOT_APPLICABLE_DEPENDENCY,PROVISIONAL_NOT_CERTIFIED,NOT_APPLICABLE,30,,UNAVAILABLE,,False,False,False,SKIPPED_UNCERTIFIED_FIXED_CW_SOURCE,0,0
B,506891d1344fa94834843cfbbb32e95b8b91f650453800f6563edf816bbe153f,2/5,21473099401200000281/200000000000000000000,v93-5ae59c98f2-t00001-79e06ae2e5a4,FIXED_CW_CARRY_IN,8,8,CANDIDATE_FOUND,NOT_APPLICABLE_DEPENDENCY,PROVISIONAL_NOT_CERTIFIED,NOT_APPLICABLE,62,,UNAVAILABLE,,False,False,False,SKIPPED_UNCERTIFIED_FIXED_CW_SOURCE,0,0
B,506891d1344fa94834843cfbbb32e95b8b91f650453800f6563edf816bbe153f,2/5,21473099401200000281/200000000000000000000,v93-5ae59c98f2-t00001-79e06ae2e5a4,FIXED_CW_CARRY_IN,9,9,NO_CANDIDATE,NOT_APPLICABLE_DEPENDENCY,NOT_CERTIFIED,NOT_APPLICABLE,,,UNAVAILABLE,,False,False,False,SKIPPED_UNCERTIFIED_FIXED_CW_SOURCE,0,0
B,506891d1344fa94834843cfbbb32e95b8b91f650453800f6563edf816bbe153f,2/5,21473099401200000281/200000000000000000000,v93-5ae59c98f2-t00001-79e06ae2e5a4,RECURSIVE_CARRY_IN,0,0,CANDIDATE_FOUND,CANDIDATE_FOUND,PROVISIONAL_NOT_CERTIFIED,PROVISIONAL_NOT_CERTIFIED,5,5,EQUAL,0,False,False,False,NOT_APPLICABLE_RECURSIVE,0,0
B,506891d1344fa94834843cfbbb32e95b8b91f650453800f6563edf816bbe153f,2/5,21473099401200000281/200000000000000000000,v93-5ae59c98f2-t00001-79e06ae2e5a4,RECURSIVE_CARRY_IN,1,1,CANDIDATE_FOUND,CANDIDATE_FOUND,PROVISIONAL_NOT_CERTIFIED,PROVISIONAL_NOT_CERTIFIED,5,5,EQUAL,0,False,False,False,NOT_APPLICABLE_RECURSIVE,0,0
B,506891d1344fa94834843cfbbb32e95b8b91f650453800f6563edf816bbe153f,2/5,21473099401200000281/200000000000000000000,v93-5ae59c98f2-t00001-79e06ae2e5a4,RECURSIVE_CARRY_IN,2,2,CANDIDATE_FOUND,CANDIDATE_FOUND,PROVISIONAL_NOT_CERTIFIED,PROVISIONAL_NOT_CERTIFIED,17,17,EQUAL,0,False,False,False,NOT_APPLICABLE_RECURSIVE,0,0
B,506891d1344fa94834843cfbbb32e95b8b91f650453800f6563edf816bbe153f,2/5,21473099401200000281/200000000000000000000,v93-5ae59c98f2-t00001-79e06ae2e5a4,RECURSIVE_CARRY_IN,3,3,CANDIDATE_FOUND,CANDIDATE_FOUND,PROVISIONAL_NOT_CERTIFIED,PROVISIONAL_NOT_CERTIFIED,5,5,EQUAL,0,False,False,False,NOT_APPLICABLE_RECURSIVE,0,0
B,506891d1344fa94834843cfbbb32e95b8b91f650453800f6563edf816bbe153f,2/5,21473099401200000281/200000000000000000000,v93-5ae59c98f2-t00001-79e06ae2e5a4,RECURSIVE_CARRY_IN,4,4,CANDIDATE_FOUND,CANDIDATE_FOUND,PROVISIONAL_NOT_CERTIFIED,PROVISIONAL_NOT_CERTIFIED,53,53,EQUAL,0,False,False,False,NOT_APPLICABLE_RECURSIVE,0,0
B,506891d1344fa94834843cfbbb32e95b8b91f650453800f6563edf816bbe153f,2/5,21473099401200000281/200000000000000000000,v93-5ae59c98f2-t00001-79e06ae2e5a4,RECURSIVE_CARRY_IN,5,5,CANDIDATE_FOUND,CANDIDATE_FOUND,PROVISIONAL_NOT_CERTIFIED,PROVISIONAL_NOT_CERTIFIED,20,20,EQUAL,0,False,False,False,NOT_APPLICABLE_RECURSIVE,0,0
B,506891d1344fa94834843cfbbb32e95b8b91f650453800f6563edf816bbe153f,2/5,21473099401200000281/200000000000000000000,v93-5ae59c98f2-t00001-79e06ae2e5a4,RECURSIVE_CARRY_IN,6,6,CANDIDATE_FOUND,CANDIDATE_FOUND,PROVISIONAL_NOT_CERTIFIED,PROVISIONAL_NOT_CERTIFIED,32,32,EQUAL,0,False,False,False,NOT_APPLICABLE_RECURSIVE,0,0
B,506891d1344fa94834843cfbbb32e95b8b91f650453800f6563edf816bbe153f,2/5,21473099401200000281/200000000000000000000,v93-5ae59c98f2-t00001-79e06ae2e5a4,RECURSIVE_CARRY_IN,7,7,CANDIDATE_FOUND,CANDIDATE_FOUND,PROVISIONAL_NOT_CERTIFIED,PROVISIONAL_NOT_CERTIFIED,30,30,EQUAL,0,False,False,False,NOT_APPLICABLE_RECURSIVE,0,0
B,506891d1344fa94834843cfbbb32e95b8b91f650453800f6563edf816bbe153f,2/5,21473099401200000281/200000000000000000000,v93-5ae59c98f2-t00001-79e06ae2e5a4,RECURSIVE_CARRY_IN,8,8,CANDIDATE_FOUND,CANDIDATE_FOUND,PROVISIONAL_NOT_CERTIFIED,PROVISIONAL_NOT_CERTIFIED,62,62,EQUAL,0,False,False,False,NOT_APPLICABLE_RECURSIVE,0,0
B,506891d1344fa94834843cfbbb32e95b8b91f650453800f6563edf816bbe153f,2/5,21473099401200000281/200000000000000000000,v93-5ae59c98f2-t00001-79e06ae2e5a4,RECURSIVE_CARRY_IN,9,9,NO_CANDIDATE,NO_CANDIDATE,NOT_CERTIFIED,NOT_CERTIFIED,,,NO_COMMON_CANDIDATE,,False,False,False,NOT_APPLICABLE_RECURSIVE,0,0
B,79e346429e97862e2fc551460aba56a6765c1e421544f98ab074a013da9d9214,1/5,1,v93-21471487b7-t00001-5f2d8a968c46,DEADLINE_CARRY_IN,0,0,CANDIDATE_FOUND,CANDIDATE_FOUND,CERTIFIED,CERTIFIED,4,4,EQUAL,0,False,False,False,TRACED_COMPLETE,0,0
B,79e346429e97862e2fc551460aba56a6765c1e421544f98ab074a013da9d9214,1/5,1,v93-21471487b7-t00001-5f2d8a968c46,DEADLINE_CARRY_IN,1,1,CANDIDATE_FOUND,CANDIDATE_FOUND,CERTIFIED,CERTIFIED,18,18,EQUAL,0,False,False,False,TRACED_COMPLETE,0,0
B,79e346429e97862e2fc551460aba56a6765c1e421544f98ab074a013da9d9214,1/5,1,v93-21471487b7-t00001-5f2d8a968c46,DEADLINE_CARRY_IN,2,2,CANDIDATE_FOUND,CANDIDATE_FOUND,CERTIFIED,CERTIFIED,6,6,EQUAL,0,False,False,False,TRACED_COMPLETE,0,0
B,79e346429e97862e2fc551460aba56a6765c1e421544f98ab074a013da9d9214,1/5,1,v93-21471487b7-t00001-5f2d8a968c46,DEADLINE_CARRY_IN,3,3,CANDIDATE_FOUND,CANDIDATE_FOUND,CERTIFIED,CERTIFIED,14,14,EQUAL,0,False,False,False,TRACED_COMPLETE,0,0
B,79e346429e97862e2fc551460aba56a6765c1e421544f98ab074a013da9d9214,1/5,1,v93-21471487b7-t00001-5f2d8a968c46,DEADLINE_CARRY_IN,4,4,CANDIDATE_FOUND,CANDIDATE_FOUND,CERTIFIED,CERTIFIED,6,6,EQUAL,0,False,False,False,TRACED_COMPLETE,0,0
B,79e346429e97862e2fc551460aba56a6765c1e421544f98ab074a013da9d9214,1/5,1,v93-21471487b7-t00001-5f2d8a968c46,DEADLINE_CARRY_IN,5,5,CANDIDATE_FOUND,CANDIDATE_FOUND,CERTIFIED,CERTIFIED,17,17,EQUAL,0,False,False,False,TRACED_COMPLETE,0,0
B,79e346429e97862e2fc551460aba56a6765c1e421544f98ab074a013da9d9214,1/5,1,v93-21471487b7-t00001-5f2d8a968c46,DEADLINE_CARRY_IN,6,6,CANDIDATE_FOUND,CANDIDATE_FOUND,CERTIFIED,CERTIFIED,13,13,EQUAL,0,False,False,False,TRACED_COMPLETE,0,0
B,79e346429e97862e2fc551460aba56a6765c1e421544f98ab074a013da9d9214,1/5,1,v93-21471487b7-t00001-5f2d8a968c46,DEADLINE_CARRY_IN,7,7,CANDIDATE_FOUND,CANDIDATE_FOUND,CERTIFIED,CERTIFIED,23,23,EQUAL,0,False,False,False,TRACED_COMPLETE,0,0
B,79e346429e97862e2fc551460aba56a6765c1e421544f98ab074a013da9d9214,1/5,1,v93-21471487b7-t00001-5f2d8a968c46,DEADLINE_CARRY_IN,8,8,CANDIDATE_FOUND,CANDIDATE_FOUND,CERTIFIED,CERTIFIED,24,24,EQUAL,0,False,False,False,TRACED_COMPLETE,0,0
B,79e346429e97862e2fc551460aba56a6765c1e421544f98ab074a013da9d9214,1/5,1,v93-21471487b7-t00001-5f2d8a968c46,DEADLINE_CARRY_IN,9,9,CANDIDATE_FOUND,CANDIDATE_FOUND,CERTIFIED,CERTIFIED,22,22,EQUAL,0,False,False,False,TRACED_COMPLETE,0,0
B,79e346429e97862e2fc551460aba56a6765c1e421544f98ab074a013da9d9214,1/5,1,v93-21471487b7-t00001-5f2d8a968c46,FIXED_CW_CARRY_IN,0,0,CANDIDATE_FOUND,CANDIDATE_FOUND,CERTIFIED,CERTIFIED,4,4,EQUAL,0,False,False,False,TRACED_COMPLETE,0,0
B,79e346429e97862e2fc551460aba56a6765c1e421544f98ab074a013da9d9214,1/5,1,v93-21471487b7-t00001-5f2d8a968c46,FIXED_CW_CARRY_IN,1,1,CANDIDATE_FOUND,CANDIDATE_FOUND,CERTIFIED,CERTIFIED,18,18,EQUAL,0,False,False,False,TRACED_COMPLETE,0,0
B,79e346429e97862e2fc551460aba56a6765c1e421544f98ab074a013da9d9214,1/5,1,v93-21471487b7-t00001-5f2d8a968c46,FIXED_CW_CARRY_IN,2,2,CANDIDATE_FOUND,CANDIDATE_FOUND,CERTIFIED,CERTIFIED,6,6,EQUAL,0,False,False,False,TRACED_COMPLETE,0,0
B,79e346429e97862e2fc551460aba56a6765c1e421544f98ab074a013da9d9214,1/5,1,v93-21471487b7-t00001-5f2d8a968c46,FIXED_CW_CARRY_IN,3,3,CANDIDATE_FOUND,CANDIDATE_FOUND,CERTIFIED,CERTIFIED,14,14,EQUAL,0,False,False,False,TRACED_COMPLETE,0,0
B,79e346429e97862e2fc551460aba56a6765c1e421544f98ab074a013da9d9214,1/5,1,v93-21471487b7-t00001-5f2d8a968c46,FIXED_CW_CARRY_IN,4,4,CANDIDATE_FOUND,CANDIDATE_FOUND,CERTIFIED,CERTIFIED,6,6,EQUAL,0,False,False,False,TRACED_COMPLETE,0,0
B,79e346429e97862e2fc551460aba56a6765c1e421544f98ab074a013da9d9214,1/5,1,v93-21471487b7-t00001-5f2d8a968c46,FIXED_CW_CARRY_IN,5,5,CANDIDATE_FOUND,CANDIDATE_FOUND,CERTIFIED,CERTIFIED,17,17,EQUAL,0,False,False,False,TRACED_COMPLETE,0,0
B,79e346429e97862e2fc551460aba56a6765c1e421544f98ab074a013da9d9214,1/5,1,v93-21471487b7-t00001-5f2d8a968c46,FIXED_CW_CARRY_IN,6,6,CANDIDATE_FOUND,CANDIDATE_FOUND,CERTIFIED,CERTIFIED,13,13,EQUAL,0,False,False,False,TRACED_COMPLETE,0,0
B,79e346429e97862e2fc551460aba56a6765c1e421544f98ab074a013da9d9214,1/5,1,v93-21471487b7-t00001-5f2d8a968c46,FIXED_CW_CARRY_IN,7,7,CANDIDATE_FOUND,CANDIDATE_FOUND,CERTIFIED,CERTIFIED,22,22,EQUAL,0,False,False,False,TRACED_COMPLETE,0,0
B,79e346429e97862e2fc551460aba56a6765c1e421544f98ab074a013da9d9214,1/5,1,v93-21471487b7-t00001-5f2d8a968c46,FIXED_CW_CARRY_IN,8,8,CANDIDATE_FOUND,CANDIDATE_FOUND,CERTIFIED,CERTIFIED,23,23,EQUAL,0,False,False,False,TRACED_COMPLETE,0,0
B,79e346429e97862e2fc551460aba56a6765c1e421544f98ab074a013da9d9214,1/5,1,v93-21471487b7-t00001-5f2d8a968c46,FIXED_CW_CARRY_IN,9,9,CANDIDATE_FOUND,CANDIDATE_FOUND,CERTIFIED,CERTIFIED,21,21,EQUAL,0,False,False,False,TRACED_COMPLETE,0,0
B,79e346429e97862e2fc551460aba56a6765c1e421544f98ab074a013da9d9214,1/5,1,v93-21471487b7-t00001-5f2d8a968c46,RECURSIVE_CARRY_IN,0,0,CANDIDATE_FOUND,CANDIDATE_FOUND,CERTIFIED,CERTIFIED,4,4,EQUAL,0,False,False,False,NOT_APPLICABLE_RECURSIVE,0,0
B,79e346429e97862e2fc551460aba56a6765c1e421544f98ab074a013da9d9214,1/5,1,v93-21471487b7-t00001-5f2d8a968c46,RECURSIVE_CARRY_IN,1,1,CANDIDATE_FOUND,CANDIDATE_FOUND,CERTIFIED,CERTIFIED,18,18,EQUAL,0,False,False,False,NOT_APPLICABLE_RECURSIVE,0,0
B,79e346429e97862e2fc551460aba56a6765c1e421544f98ab074a013da9d9214,1/5,1,v93-21471487b7-t00001-5f2d8a968c46,RECURSIVE_CARRY_IN,2,2,CANDIDATE_FOUND,CANDIDATE_FOUND,CERTIFIED,CERTIFIED,6,6,EQUAL,0,False,False,False,NOT_APPLICABLE_RECURSIVE,0,0
B,79e346429e97862e2fc551460aba56a6765c1e421544f98ab074a013da9d9214,1/5,1,v93-21471487b7-t00001-5f2d8a968c46,RECURSIVE_CARRY_IN,3,3,CANDIDATE_FOUND,CANDIDATE_FOUND,CERTIFIED,CERTIFIED,14,14,EQUAL,0,False,False,False,NOT_APPLICABLE_RECURSIVE,0,0
B,79e346429e97862e2fc551460aba56a6765c1e421544f98ab074a013da9d9214,1/5,1,v93-21471487b7-t00001-5f2d8a968c46,RECURSIVE_CARRY_IN,4,4,CANDIDATE_FOUND,CANDIDATE_FOUND,CERTIFIED,CERTIFIED,6,6,EQUAL,0,False,False,False,NOT_APPLICABLE_RECURSIVE,0,0
B,79e346429e97862e2fc551460aba56a6765c1e421544f98ab074a013da9d9214,1/5,1,v93-21471487b7-t00001-5f2d8a968c46,RECURSIVE_CARRY_IN,5,5,CANDIDATE_FOUND,CANDIDATE_FOUND,CERTIFIED,CERTIFIED,17,17,EQUAL,0,False,False,False,NOT_APPLICABLE_RECURSIVE,0,0
B,79e346429e97862e2fc551460aba56a6765c1e421544f98ab074a013da9d9214,1/5,1,v93-21471487b7-t00001-5f2d8a968c46,RECURSIVE_CARRY_IN,6,6,CANDIDATE_FOUND,CANDIDATE_FOUND,CERTIFIED,CERTIFIED,13,13,EQUAL,0,False,False,False,NOT_APPLICABLE_RECURSIVE,0,0
B,79e346429e97862e2fc551460aba56a6765c1e421544f98ab074a013da9d9214,1/5,1,v93-21471487b7-t00001-5f2d8a968c46,RECURSIVE_CARRY_IN,7,7,CANDIDATE_FOUND,CANDIDATE_FOUND,CERTIFIED,CERTIFIED,22,22,EQUAL,0,False,False,False,NOT_APPLICABLE_RECURSIVE,0,0
B,79e346429e97862e2fc551460aba56a6765c1e421544f98ab074a013da9d9214,1/5,1,v93-21471487b7-t00001-5f2d8a968c46,RECURSIVE_CARRY_IN,8,8,CANDIDATE_FOUND,CANDIDATE_FOUND,CERTIFIED,CERTIFIED,23,23,EQUAL,0,False,False,False,NOT_APPLICABLE_RECURSIVE,0,0
B,79e346429e97862e2fc551460aba56a6765c1e421544f98ab074a013da9d9214,1/5,1,v93-21471487b7-t00001-5f2d8a968c46,RECURSIVE_CARRY_IN,9,9,CANDIDATE_FOUND,CANDIDATE_FOUND,CERTIFIED,CERTIFIED,21,21,EQUAL,0,False,False,False,NOT_APPLICABLE_RECURSIVE,0,0
B,95bd8075f55bf21925d3c6c016b7ce52b1e24e3dad75e410403f9f01f501cd34,1/5,21473099401200000281/200000000000000000000,v93-21471487b7-t00001-5f2d8a968c46,DEADLINE_CARRY_IN,0,0,CANDIDATE_FOUND,CANDIDATE_FOUND,CERTIFIED,CERTIFIED,4,4,EQUAL,0,False,False,False,TRACED_COMPLETE,0,0
B,95bd8075f55bf21925d3c6c016b7ce52b1e24e3dad75e410403f9f01f501cd34,1/5,21473099401200000281/200000000000000000000,v93-21471487b7-t00001-5f2d8a968c46,DEADLINE_CARRY_IN,1,1,CANDIDATE_FOUND,CANDIDATE_FOUND,CERTIFIED,CERTIFIED,18,18,EQUAL,0,False,False,False,TRACED_COMPLETE,0,0
B,95bd8075f55bf21925d3c6c016b7ce52b1e24e3dad75e410403f9f01f501cd34,1/5,21473099401200000281/200000000000000000000,v93-21471487b7-t00001-5f2d8a968c46,DEADLINE_CARRY_IN,2,2,CANDIDATE_FOUND,CANDIDATE_FOUND,CERTIFIED,CERTIFIED,6,6,EQUAL,0,False,False,False,TRACED_COMPLETE,0,0
B,95bd8075f55bf21925d3c6c016b7ce52b1e24e3dad75e410403f9f01f501cd34,1/5,21473099401200000281/200000000000000000000,v93-21471487b7-t00001-5f2d8a968c46,DEADLINE_CARRY_IN,3,3,CANDIDATE_FOUND,CANDIDATE_FOUND,CERTIFIED,CERTIFIED,14,14,EQUAL,0,False,False,False,TRACED_COMPLETE,0,0
B,95bd8075f55bf21925d3c6c016b7ce52b1e24e3dad75e410403f9f01f501cd34,1/5,21473099401200000281/200000000000000000000,v93-21471487b7-t00001-5f2d8a968c46,DEADLINE_CARRY_IN,4,4,CANDIDATE_FOUND,CANDIDATE_FOUND,CERTIFIED,CERTIFIED,6,6,EQUAL,0,False,False,False,TRACED_COMPLETE,0,0
B,95bd8075f55bf21925d3c6c016b7ce52b1e24e3dad75e410403f9f01f501cd34,1/5,21473099401200000281/200000000000000000000,v93-21471487b7-t00001-5f2d8a968c46,DEADLINE_CARRY_IN,5,5,CANDIDATE_FOUND,CANDIDATE_FOUND,CERTIFIED,CERTIFIED,17,17,EQUAL,0,False,False,False,TRACED_COMPLETE,0,0
B,95bd8075f55bf21925d3c6c016b7ce52b1e24e3dad75e410403f9f01f501cd34,1/5,21473099401200000281/200000000000000000000,v93-21471487b7-t00001-5f2d8a968c46,DEADLINE_CARRY_IN,6,6,CANDIDATE_FOUND,CANDIDATE_FOUND,CERTIFIED,CERTIFIED,13,13,EQUAL,0,False,False,False,TRACED_COMPLETE,0,0
B,95bd8075f55bf21925d3c6c016b7ce52b1e24e3dad75e410403f9f01f501cd34,1/5,21473099401200000281/200000000000000000000,v93-21471487b7-t00001-5f2d8a968c46,DEADLINE_CARRY_IN,7,7,CANDIDATE_FOUND,CANDIDATE_FOUND,CERTIFIED,CERTIFIED,23,23,EQUAL,0,False,False,False,TRACED_COMPLETE,0,0
B,95bd8075f55bf21925d3c6c016b7ce52b1e24e3dad75e410403f9f01f501cd34,1/5,21473099401200000281/200000000000000000000,v93-21471487b7-t00001-5f2d8a968c46,DEADLINE_CARRY_IN,8,8,CANDIDATE_FOUND,CANDIDATE_FOUND,CERTIFIED,CERTIFIED,24,24,EQUAL,0,False,False,False,TRACED_COMPLETE,0,0
B,95bd8075f55bf21925d3c6c016b7ce52b1e24e3dad75e410403f9f01f501cd34,1/5,21473099401200000281/200000000000000000000,v93-21471487b7-t00001-5f2d8a968c46,DEADLINE_CARRY_IN,9,9,CANDIDATE_FOUND,CANDIDATE_FOUND,CERTIFIED,CERTIFIED,22,22,EQUAL,0,False,False,False,TRACED_COMPLETE,0,0
B,95bd8075f55bf21925d3c6c016b7ce52b1e24e3dad75e410403f9f01f501cd34,1/5,21473099401200000281/200000000000000000000,v93-21471487b7-t00001-5f2d8a968c46,FIXED_CW_CARRY_IN,0,0,CANDIDATE_FOUND,CANDIDATE_FOUND,CERTIFIED,CERTIFIED,4,4,EQUAL,0,False,False,False,TRACED_COMPLETE,0,0
B,95bd8075f55bf21925d3c6c016b7ce52b1e24e3dad75e410403f9f01f501cd34,1/5,21473099401200000281/200000000000000000000,v93-21471487b7-t00001-5f2d8a968c46,FIXED_CW_CARRY_IN,1,1,CANDIDATE_FOUND,CANDIDATE_FOUND,CERTIFIED,CERTIFIED,18,18,EQUAL,0,False,False,False,TRACED_COMPLETE,0,0
B,95bd8075f55bf21925d3c6c016b7ce52b1e24e3dad75e410403f9f01f501cd34,1/5,21473099401200000281/200000000000000000000,v93-21471487b7-t00001-5f2d8a968c46,FIXED_CW_CARRY_IN,2,2,CANDIDATE_FOUND,CANDIDATE_FOUND,CERTIFIED,CERTIFIED,6,6,EQUAL,0,False,False,False,TRACED_COMPLETE,0,0
B,95bd8075f55bf21925d3c6c016b7ce52b1e24e3dad75e410403f9f01f501cd34,1/5,21473099401200000281/200000000000000000000,v93-21471487b7-t00001-5f2d8a968c46,FIXED_CW_CARRY_IN,3,3,CANDIDATE_FOUND,CANDIDATE_FOUND,CERTIFIED,CERTIFIED,14,14,EQUAL,0,False,False,False,TRACED_COMPLETE,0,0
B,95bd8075f55bf21925d3c6c016b7ce52b1e24e3dad75e410403f9f01f501cd34,1/5,21473099401200000281/200000000000000000000,v93-21471487b7-t00001-5f2d8a968c46,FIXED_CW_CARRY_IN,4,4,CANDIDATE_FOUND,CANDIDATE_FOUND,CERTIFIED,CERTIFIED,6,6,EQUAL,0,False,False,False,TRACED_COMPLETE,0,0
B,95bd8075f55bf21925d3c6c016b7ce52b1e24e3dad75e410403f9f01f501cd34,1/5,21473099401200000281/200000000000000000000,v93-21471487b7-t00001-5f2d8a968c46,FIXED_CW_CARRY_IN,5,5,CANDIDATE_FOUND,CANDIDATE_FOUND,CERTIFIED,CERTIFIED,17,17,EQUAL,0,False,False,False,TRACED_COMPLETE,0,0
B,95bd8075f55bf21925d3c6c016b7ce52b1e24e3dad75e410403f9f01f501cd34,1/5,21473099401200000281/200000000000000000000,v93-21471487b7-t00001-5f2d8a968c46,FIXED_CW_CARRY_IN,6,6,CANDIDATE_FOUND,CANDIDATE_FOUND,CERTIFIED,CERTIFIED,13,13,EQUAL,0,False,False,False,TRACED_COMPLETE,0,0
B,95bd8075f55bf21925d3c6c016b7ce52b1e24e3dad75e410403f9f01f501cd34,1/5,21473099401200000281/200000000000000000000,v93-21471487b7-t00001-5f2d8a968c46,FIXED_CW_CARRY_IN,7,7,CANDIDATE_FOUND,CANDIDATE_FOUND,CERTIFIED,CERTIFIED,22,22,EQUAL,0,False,False,False,TRACED_COMPLETE,0,0
B,95bd8075f55bf21925d3c6c016b7ce52b1e24e3dad75e410403f9f01f501cd34,1/5,21473099401200000281/200000000000000000000,v93-21471487b7-t00001-5f2d8a968c46,FIXED_CW_CARRY_IN,8,8,CANDIDATE_FOUND,CANDIDATE_FOUND,CERTIFIED,CERTIFIED,23,23,EQUAL,0,False,False,False,TRACED_COMPLETE,0,0
B,95bd8075f55bf21925d3c6c016b7ce52b1e24e3dad75e410403f9f01f501cd34,1/5,21473099401200000281/200000000000000000000,v93-21471487b7-t00001-5f2d8a968c46,FIXED_CW_CARRY_IN,9,9,CANDIDATE_FOUND,CANDIDATE_FOUND,CERTIFIED,CERTIFIED,21,21,EQUAL,0,False,False,False,TRACED_COMPLETE,0,0
B,95bd8075f55bf21925d3c6c016b7ce52b1e24e3dad75e410403f9f01f501cd34,1/5,21473099401200000281/200000000000000000000,v93-21471487b7-t00001-5f2d8a968c46,RECURSIVE_CARRY_IN,0,0,CANDIDATE_FOUND,CANDIDATE_FOUND,CERTIFIED,CERTIFIED,4,4,EQUAL,0,False,False,False,NOT_APPLICABLE_RECURSIVE,0,0
B,95bd8075f55bf21925d3c6c016b7ce52b1e24e3dad75e410403f9f01f501cd34,1/5,21473099401200000281/200000000000000000000,v93-21471487b7-t00001-5f2d8a968c46,RECURSIVE_CARRY_IN,1,1,CANDIDATE_FOUND,CANDIDATE_FOUND,CERTIFIED,CERTIFIED,18,18,EQUAL,0,False,False,False,NOT_APPLICABLE_RECURSIVE,0,0
B,95bd8075f55bf21925d3c6c016b7ce52b1e24e3dad75e410403f9f01f501cd34,1/5,21473099401200000281/200000000000000000000,v93-21471487b7-t00001-5f2d8a968c46,RECURSIVE_CARRY_IN,2,2,CANDIDATE_FOUND,CANDIDATE_FOUND,CERTIFIED,CERTIFIED,6,6,EQUAL,0,False,False,False,NOT_APPLICABLE_RECURSIVE,0,0
B,95bd8075f55bf21925d3c6c016b7ce52b1e24e3dad75e410403f9f01f501cd34,1/5,21473099401200000281/200000000000000000000,v93-21471487b7-t00001-5f2d8a968c46,RECURSIVE_CARRY_IN,3,3,CANDIDATE_FOUND,CANDIDATE_FOUND,CERTIFIED,CERTIFIED,14,14,EQUAL,0,False,False,False,NOT_APPLICABLE_RECURSIVE,0,0
B,95bd8075f55bf21925d3c6c016b7ce52b1e24e3dad75e410403f9f01f501cd34,1/5,21473099401200000281/200000000000000000000,v93-21471487b7-t00001-5f2d8a968c46,RECURSIVE_CARRY_IN,4,4,CANDIDATE_FOUND,CANDIDATE_FOUND,CERTIFIED,CERTIFIED,6,6,EQUAL,0,False,False,False,NOT_APPLICABLE_RECURSIVE,0,0
B,95bd8075f55bf21925d3c6c016b7ce52b1e24e3dad75e410403f9f01f501cd34,1/5,21473099401200000281/200000000000000000000,v93-21471487b7-t00001-5f2d8a968c46,RECURSIVE_CARRY_IN,5,5,CANDIDATE_FOUND,CANDIDATE_FOUND,CERTIFIED,CERTIFIED,17,17,EQUAL,0,False,False,False,NOT_APPLICABLE_RECURSIVE,0,0
B,95bd8075f55bf21925d3c6c016b7ce52b1e24e3dad75e410403f9f01f501cd34,1/5,21473099401200000281/200000000000000000000,v93-21471487b7-t00001-5f2d8a968c46,RECURSIVE_CARRY_IN,6,6,CANDIDATE_FOUND,CANDIDATE_FOUND,CERTIFIED,CERTIFIED,13,13,EQUAL,0,False,False,False,NOT_APPLICABLE_RECURSIVE,0,0
B,95bd8075f55bf21925d3c6c016b7ce52b1e24e3dad75e410403f9f01f501cd34,1/5,21473099401200000281/200000000000000000000,v93-21471487b7-t00001-5f2d8a968c46,RECURSIVE_CARRY_IN,7,7,CANDIDATE_FOUND,CANDIDATE_FOUND,CERTIFIED,CERTIFIED,22,22,EQUAL,0,False,False,False,NOT_APPLICABLE_RECURSIVE,0,0
B,95bd8075f55bf21925d3c6c016b7ce52b1e24e3dad75e410403f9f01f501cd34,1/5,21473099401200000281/200000000000000000000,v93-21471487b7-t00001-5f2d8a968c46,RECURSIVE_CARRY_IN,8,8,CANDIDATE_FOUND,CANDIDATE_FOUND,CERTIFIED,CERTIFIED,23,23,EQUAL,0,False,False,False,NOT_APPLICABLE_RECURSIVE,0,0
B,95bd8075f55bf21925d3c6c016b7ce52b1e24e3dad75e410403f9f01f501cd34,1/5,21473099401200000281/200000000000000000000,v93-21471487b7-t00001-5f2d8a968c46,RECURSIVE_CARRY_IN,9,9,CANDIDATE_FOUND,CANDIDATE_FOUND,CERTIFIED,CERTIFIED,21,21,EQUAL,0,False,False,False,NOT_APPLICABLE_RECURSIVE,0,0
B,d93f24e09475a68c00cbf9c7eaf3d6821502176adb3db76f05e0832cdceb292b,3/10,1,v93-cfffce69e8-t00001-2ccd7d77f533,DEADLINE_CARRY_IN,0,0,CANDIDATE_FOUND,CANDIDATE_FOUND,PROVISIONAL_NOT_CERTIFIED,PROVISIONAL_NOT_CERTIFIED,4,4,EQUAL,0,False,False,False,TRACED_COMPLETE,0,0
B,d93f24e09475a68c00cbf9c7eaf3d6821502176adb3db76f05e0832cdceb292b,3/10,1,v93-cfffce69e8-t00001-2ccd7d77f533,DEADLINE_CARRY_IN,1,1,CANDIDATE_FOUND,CANDIDATE_FOUND,PROVISIONAL_NOT_CERTIFIED,PROVISIONAL_NOT_CERTIFIED,8,8,EQUAL,0,False,False,False,TRACED_COMPLETE,0,0
B,d93f24e09475a68c00cbf9c7eaf3d6821502176adb3db76f05e0832cdceb292b,3/10,1,v93-cfffce69e8-t00001-2ccd7d77f533,DEADLINE_CARRY_IN,2,2,CANDIDATE_FOUND,CANDIDATE_FOUND,PROVISIONAL_NOT_CERTIFIED,PROVISIONAL_NOT_CERTIFIED,4,4,EQUAL,0,False,False,False,TRACED_COMPLETE,0,0
B,d93f24e09475a68c00cbf9c7eaf3d6821502176adb3db76f05e0832cdceb292b,3/10,1,v93-cfffce69e8-t00001-2ccd7d77f533,DEADLINE_CARRY_IN,3,3,CANDIDATE_FOUND,CANDIDATE_FOUND,PROVISIONAL_NOT_CERTIFIED,PROVISIONAL_NOT_CERTIFIED,23,23,EQUAL,0,False,False,False,TRACED_COMPLETE,17,0
B,d93f24e09475a68c00cbf9c7eaf3d6821502176adb3db76f05e0832cdceb292b,3/10,1,v93-cfffce69e8-t00001-2ccd7d77f533,DEADLINE_CARRY_IN,4,4,CANDIDATE_FOUND,CANDIDATE_FOUND,PROVISIONAL_NOT_CERTIFIED,PROVISIONAL_NOT_CERTIFIED,18,18,EQUAL,0,False,False,False,TRACED_COMPLETE,0,0
B,d93f24e09475a68c00cbf9c7eaf3d6821502176adb3db76f05e0832cdceb292b,3/10,1,v93-cfffce69e8-t00001-2ccd7d77f533,DEADLINE_CARRY_IN,5,5,CANDIDATE_FOUND,CANDIDATE_FOUND,PROVISIONAL_NOT_CERTIFIED,PROVISIONAL_NOT_CERTIFIED,9,9,EQUAL,0,False,False,False,TRACED_COMPLETE,0,0
B,d93f24e09475a68c00cbf9c7eaf3d6821502176adb3db76f05e0832cdceb292b,3/10,1,v93-cfffce69e8-t00001-2ccd7d77f533,DEADLINE_CARRY_IN,6,6,CANDIDATE_FOUND,CANDIDATE_FOUND,PROVISIONAL_NOT_CERTIFIED,PROVISIONAL_NOT_CERTIFIED,59,59,EQUAL,0,False,False,False,TRACED_COMPLETE,36,0
B,d93f24e09475a68c00cbf9c7eaf3d6821502176adb3db76f05e0832cdceb292b,3/10,1,v93-cfffce69e8-t00001-2ccd7d77f533,DEADLINE_CARRY_IN,7,7,NO_CANDIDATE,NO_CANDIDATE,NOT_CERTIFIED,NOT_CERTIFIED,,,NO_COMMON_CANDIDATE,,False,False,False,TRACED_COMPLETE,0,0
B,d93f24e09475a68c00cbf9c7eaf3d6821502176adb3db76f05e0832cdceb292b,3/10,1,v93-cfffce69e8-t00001-2ccd7d77f533,DEADLINE_CARRY_IN,8,8,NOT_EVALUATED_AFTER_PREFIX_FAILURE,NOT_EVALUATED_AFTER_PREFIX_FAILURE,NOT_APPLICABLE,NOT_APPLICABLE,,,UNAVAILABLE,,False,False,False,SKIPPED_NOT_EVALUATED,0,0
B,d93f24e09475a68c00cbf9c7eaf3d6821502176adb3db76f05e0832cdceb292b,3/10,1,v93-cfffce69e8-t00001-2ccd7d77f533,DEADLINE_CARRY_IN,9,9,NOT_EVALUATED_AFTER_PREFIX_FAILURE,NOT_EVALUATED_AFTER_PREFIX_FAILURE,NOT_APPLICABLE,NOT_APPLICABLE,,,UNAVAILABLE,,False,False,False,SKIPPED_NOT_EVALUATED,0,0
B,d93f24e09475a68c00cbf9c7eaf3d6821502176adb3db76f05e0832cdceb292b,3/10,1,v93-cfffce69e8-t00001-2ccd7d77f533,FIXED_CW_CARRY_IN,0,0,CANDIDATE_FOUND,NOT_APPLICABLE_DEPENDENCY,PROVISIONAL_NOT_CERTIFIED,NOT_APPLICABLE,4,,UNAVAILABLE,,False,False,False,SKIPPED_UNCERTIFIED_FIXED_CW_SOURCE,0,0
B,d93f24e09475a68c00cbf9c7eaf3d6821502176adb3db76f05e0832cdceb292b,3/10,1,v93-cfffce69e8-t00001-2ccd7d77f533,FIXED_CW_CARRY_IN,1,1,CANDIDATE_FOUND,NOT_APPLICABLE_DEPENDENCY,PROVISIONAL_NOT_CERTIFIED,NOT_APPLICABLE,8,,UNAVAILABLE,,False,False,False,SKIPPED_UNCERTIFIED_FIXED_CW_SOURCE,0,0
B,d93f24e09475a68c00cbf9c7eaf3d6821502176adb3db76f05e0832cdceb292b,3/10,1,v93-cfffce69e8-t00001-2ccd7d77f533,FIXED_CW_CARRY_IN,2,2,CANDIDATE_FOUND,NOT_APPLICABLE_DEPENDENCY,PROVISIONAL_NOT_CERTIFIED,NOT_APPLICABLE,4,,UNAVAILABLE,,False,False,False,SKIPPED_UNCERTIFIED_FIXED_CW_SOURCE,0,0
B,d93f24e09475a68c00cbf9c7eaf3d6821502176adb3db76f05e0832cdceb292b,3/10,1,v93-cfffce69e8-t00001-2ccd7d77f533,FIXED_CW_CARRY_IN,3,3,CANDIDATE_FOUND,NOT_APPLICABLE_DEPENDENCY,PROVISIONAL_NOT_CERTIFIED,NOT_APPLICABLE,23,,UNAVAILABLE,,False,False,False,SKIPPED_UNCERTIFIED_FIXED_CW_SOURCE,0,0
B,d93f24e09475a68c00cbf9c7eaf3d6821502176adb3db76f05e0832cdceb292b,3/10,1,v93-cfffce69e8-t00001-2ccd7d77f533,FIXED_CW_CARRY_IN,4,4,CANDIDATE_FOUND,NOT_APPLICABLE_DEPENDENCY,PROVISIONAL_NOT_CERTIFIED,NOT_APPLICABLE,18,,UNAVAILABLE,,False,False,False,SKIPPED_UNCERTIFIED_FIXED_CW_SOURCE,0,0
B,d93f24e09475a68c00cbf9c7eaf3d6821502176adb3db76f05e0832cdceb292b,3/10,1,v93-cfffce69e8-t00001-2ccd7d77f533,FIXED_CW_CARRY_IN,5,5,CANDIDATE_FOUND,NOT_APPLICABLE_DEPENDENCY,PROVISIONAL_NOT_CERTIFIED,NOT_APPLICABLE,9,,UNAVAILABLE,,False,False,False,SKIPPED_UNCERTIFIED_FIXED_CW_SOURCE,0,0
B,d93f24e09475a68c00cbf9c7eaf3d6821502176adb3db76f05e0832cdceb292b,3/10,1,v93-cfffce69e8-t00001-2ccd7d77f533,FIXED_CW_CARRY_IN,6,6,CANDIDATE_FOUND,NOT_APPLICABLE_DEPENDENCY,PROVISIONAL_NOT_CERTIFIED,NOT_APPLICABLE,57,,UNAVAILABLE,,False,False,False,SKIPPED_UNCERTIFIED_FIXED_CW_SOURCE,0,0
B,d93f24e09475a68c00cbf9c7eaf3d6821502176adb3db76f05e0832cdceb292b,3/10,1,v93-cfffce69e8-t00001-2ccd7d77f533,FIXED_CW_CARRY_IN,7,7,NO_CANDIDATE,NOT_APPLICABLE_DEPENDENCY,NOT_CERTIFIED,NOT_APPLICABLE,,,UNAVAILABLE,,False,False,False,SKIPPED_UNCERTIFIED_FIXED_CW_SOURCE,0,0
B,d93f24e09475a68c00cbf9c7eaf3d6821502176adb3db76f05e0832cdceb292b,3/10,1,v93-cfffce69e8-t00001-2ccd7d77f533,FIXED_CW_CARRY_IN,8,8,NOT_EVALUATED_AFTER_PREFIX_FAILURE,NOT_APPLICABLE_DEPENDENCY,NOT_APPLICABLE,NOT_APPLICABLE,,,UNAVAILABLE,,False,False,False,SKIPPED_UNCERTIFIED_FIXED_CW_SOURCE,0,0
B,d93f24e09475a68c00cbf9c7eaf3d6821502176adb3db76f05e0832cdceb292b,3/10,1,v93-cfffce69e8-t00001-2ccd7d77f533,FIXED_CW_CARRY_IN,9,9,NOT_EVALUATED_AFTER_PREFIX_FAILURE,NOT_APPLICABLE_DEPENDENCY,NOT_APPLICABLE,NOT_APPLICABLE,,,UNAVAILABLE,,False,False,False,SKIPPED_UNCERTIFIED_FIXED_CW_SOURCE,0,0
B,d93f24e09475a68c00cbf9c7eaf3d6821502176adb3db76f05e0832cdceb292b,3/10,1,v93-cfffce69e8-t00001-2ccd7d77f533,RECURSIVE_CARRY_IN,0,0,CANDIDATE_FOUND,CANDIDATE_FOUND,PROVISIONAL_NOT_CERTIFIED,PROVISIONAL_NOT_CERTIFIED,4,4,EQUAL,0,False,False,False,NOT_APPLICABLE_RECURSIVE,0,0
B,d93f24e09475a68c00cbf9c7eaf3d6821502176adb3db76f05e0832cdceb292b,3/10,1,v93-cfffce69e8-t00001-2ccd7d77f533,RECURSIVE_CARRY_IN,1,1,CANDIDATE_FOUND,CANDIDATE_FOUND,PROVISIONAL_NOT_CERTIFIED,PROVISIONAL_NOT_CERTIFIED,8,8,EQUAL,0,False,False,False,NOT_APPLICABLE_RECURSIVE,0,0
B,d93f24e09475a68c00cbf9c7eaf3d6821502176adb3db76f05e0832cdceb292b,3/10,1,v93-cfffce69e8-t00001-2ccd7d77f533,RECURSIVE_CARRY_IN,2,2,CANDIDATE_FOUND,CANDIDATE_FOUND,PROVISIONAL_NOT_CERTIFIED,PROVISIONAL_NOT_CERTIFIED,4,4,EQUAL,0,False,False,False,NOT_APPLICABLE_RECURSIVE,0,0
B,d93f24e09475a68c00cbf9c7eaf3d6821502176adb3db76f05e0832cdceb292b,3/10,1,v93-cfffce69e8-t00001-2ccd7d77f533,RECURSIVE_CARRY_IN,3,3,CANDIDATE_FOUND,CANDIDATE_FOUND,PROVISIONAL_NOT_CERTIFIED,PROVISIONAL_NOT_CERTIFIED,23,23,EQUAL,0,False,False,False,NOT_APPLICABLE_RECURSIVE,0,0
B,d93f24e09475a68c00cbf9c7eaf3d6821502176adb3db76f05e0832cdceb292b,3/10,1,v93-cfffce69e8-t00001-2ccd7d77f533,RECURSIVE_CARRY_IN,4,4,CANDIDATE_FOUND,CANDIDATE_FOUND,PROVISIONAL_NOT_CERTIFIED,PROVISIONAL_NOT_CERTIFIED,18,18,EQUAL,0,False,False,False,NOT_APPLICABLE_RECURSIVE,0,0
B,d93f24e09475a68c00cbf9c7eaf3d6821502176adb3db76f05e0832cdceb292b,3/10,1,v93-cfffce69e8-t00001-2ccd7d77f533,RECURSIVE_CARRY_IN,5,5,CANDIDATE_FOUND,CANDIDATE_FOUND,PROVISIONAL_NOT_CERTIFIED,PROVISIONAL_NOT_CERTIFIED,9,9,EQUAL,0,False,False,False,NOT_APPLICABLE_RECURSIVE,0,0
B,d93f24e09475a68c00cbf9c7eaf3d6821502176adb3db76f05e0832cdceb292b,3/10,1,v93-cfffce69e8-t00001-2ccd7d77f533,RECURSIVE_CARRY_IN,6,6,CANDIDATE_FOUND,CANDIDATE_FOUND,PROVISIONAL_NOT_CERTIFIED,PROVISIONAL_NOT_CERTIFIED,57,57,EQUAL,0,False,False,False,NOT_APPLICABLE_RECURSIVE,0,0
B,d93f24e09475a68c00cbf9c7eaf3d6821502176adb3db76f05e0832cdceb292b,3/10,1,v93-cfffce69e8-t00001-2ccd7d77f533,RECURSIVE_CARRY_IN,7,7,NO_CANDIDATE,NO_CANDIDATE,NOT_CERTIFIED,NOT_CERTIFIED,,,NO_COMMON_CANDIDATE,,False,False,False,NOT_APPLICABLE_RECURSIVE,0,0
B,d93f24e09475a68c00cbf9c7eaf3d6821502176adb3db76f05e0832cdceb292b,3/10,1,v93-cfffce69e8-t00001-2ccd7d77f533,RECURSIVE_CARRY_IN,8,8,NOT_EVALUATED_AFTER_PREFIX_FAILURE,NOT_EVALUATED_AFTER_PREFIX_FAILURE,NOT_APPLICABLE,NOT_APPLICABLE,,,UNAVAILABLE,,False,False,False,NOT_APPLICABLE_RECURSIVE,0,0
B,d93f24e09475a68c00cbf9c7eaf3d6821502176adb3db76f05e0832cdceb292b,3/10,1,v93-cfffce69e8-t00001-2ccd7d77f533,RECURSIVE_CARRY_IN,9,9,NOT_EVALUATED_AFTER_PREFIX_FAILURE,NOT_EVALUATED_AFTER_PREFIX_FAILURE,NOT_APPLICABLE,NOT_APPLICABLE,,,UNAVAILABLE,,False,False,False,NOT_APPLICABLE_RECURSIVE,0,0
